{
  "partial_match": {
    "Organization based in": {
      "precision": 0.19617224880288914,
      "recall": 0.4712643678106751,
      "f1": 0.27702702661009404,
      "tp": 41,
      "fp": 168,
      "fn": 46
    },
    "Located in": {
      "precision": 0.22633744855873936,
      "recall": 0.6111111111043209,
      "f1": 0.3303303299338978,
      "tp": 55,
      "fp": 188,
      "fn": 35
    },
    "Live in": {
      "precision": 0.283582089550828,
      "recall": 0.57575757575176,
      "f1": 0.37999999955526675,
      "tp": 57,
      "fp": 144,
      "fn": 42
    },
    "Work for": {
      "precision": 0.38970588235007575,
      "recall": 0.7162162162065376,
      "f1": 0.5047619043006802,
      "tp": 53,
      "fp": 83,
      "fn": 21
    },
    "Kill": {
      "precision": 0.23776223776057512,
      "recall": 0.7234042553037574,
      "f1": 0.35789473646598347,
      "tp": 34,
      "fp": 109,
      "fn": 13
    },
    "micro-average": {
      "precision": 0.2575107296134576,
      "recall": 0.6045340050362606,
      "f1": 0.361173814478903,
      "tp": 240,
      "fp": 692,
      "fn": 157
    }
  },
  "full_match": {
    "Organization based in": {
      "precision": 0.11004784688942561,
      "recall": 0.22115384615171968,
      "f1": 0.14696485578536067,
      "tp": 23,
      "fp": 186,
      "fn": 81
    },
    "Located in": {
      "precision": 0.1481481481475385,
      "recall": 0.3829787234001811,
      "f1": 0.2136498512285219,
      "tp": 36,
      "fp": 207,
      "fn": 58
    },
    "Live in": {
      "precision": 0.23383084576998095,
      "recall": 0.46078431372097267,
      "f1": 0.3102310226536396,
      "tp": 47,
      "fp": 154,
      "fn": 55
    },
    "Work for": {
      "precision": 0.27205882352741134,
      "recall": 0.48684210525675203,
      "f1": 0.3490566033103418,
      "tp": 37,
      "fp": 99,
      "fn": 39
    },
    "Kill": {
      "precision": 0.19580419580282657,
      "recall": 0.5957446808383885,
      "f1": 0.29473684172980613,
      "tp": 28,
      "fp": 115,
      "fn": 19
    },
    "micro-average": {
      "precision": 0.18347639484958855,
      "recall": 0.4042553191479805,
      "f1": 0.25239852355542225,
      "tp": 171,
      "fp": 761,
      "fn": 252
    }
  }
}