{
  "partial_match": {
    "Disease": {
      "precision": 0.7211413748369375,
      "recall": 0.6282485875699116,
      "f1": 0.6714975840426213,
      "tp": 556,
      "fp": 215,
      "fn": 329
    },
    "micro-average": {
      "precision": 0.7211413748369375,
      "recall": 0.6282485875699116,
      "f1": 0.6714975840426213,
      "tp": 556,
      "fp": 215,
      "fn": 329
    }
  },
  "full_match": {
    "Disease": {
      "precision": 0.4306095979242145,
      "recall": 0.3469174503653637,
      "f1": 0.3842592587646076,
      "tp": 332,
      "fp": 439,
      "fn": 625
    },
    "micro-average": {
      "precision": 0.4306095979242145,
      "recall": 0.3469174503653637,
      "f1": 0.3842592587646076,
      "tp": 332,
      "fp": 439,
      "fn": 625
    }
  }
}