{
  "partial_match": {
    "Disease": {
      "precision": 0.7628865979371613,
      "recall": 0.6351931330465288,
      "f1": 0.6932084304167083,
      "tp": 592,
      "fp": 184,
      "fn": 340
    },
    "Chemical": {
      "precision": 0.6892177589847152,
      "recall": 0.8858695652165889,
      "f1": 0.7752675381516503,
      "tp": 978,
      "fp": 441,
      "fn": 126
    },
    "micro-average": {
      "precision": 0.7152619589973962,
      "recall": 0.7711198428286978,
      "f1": 0.742141337245569,
      "tp": 1570,
      "fp": 625,
      "fn": 466
    }
  },
  "full_match": {
    "Disease": {
      "precision": 0.5399484536075516,
      "recall": 0.44151738672240093,
      "f1": 0.4857971009537412,
      "tp": 419,
      "fp": 357,
      "fn": 530
    },
    "Chemical": {
      "precision": 0.5863284002814755,
      "recall": 0.7395555555548982,
      "f1": 0.6540880498206288,
      "tp": 832,
      "fp": 587,
      "fn": 293
    },
    "micro-average": {
      "precision": 0.5699316628698998,
      "recall": 0.6031822565088703,
      "f1": 0.5860857338641468,
      "tp": 1251,
      "fp": 944,
      "fn": 823
    }
  }
}