{
  "partial_match": {
    "CN": {
      "precision": 0.9119865884317586,
      "recall": 0.5088868101026619,
      "f1": 0.6532572796359175,
      "tp": 1088,
      "fp": 105,
      "fn": 1050
    },
    "PN": {
      "precision": 0.6816901408444304,
      "recall": 0.40970654627516384,
      "f1": 0.5118082476801449,
      "tp": 726,
      "fp": 339,
      "fn": 1046
    },
    "PV": {
      "precision": 0.6928104575152079,
      "recall": 0.4664466446639533,
      "f1": 0.5575279416616581,
      "tp": 424,
      "fp": 188,
      "fn": 485
    },
    "micro-average": {
      "precision": 0.7797909407662789,
      "recall": 0.4644117036728648,
      "f1": 0.5821303155678698,
      "tp": 2238,
      "fp": 632,
      "fn": 2581
    }
  },
  "full_match": {
    "CN": {
      "precision": 0.6781223805526587,
      "recall": 0.388009592325953,
      "f1": 0.49359365420420287,
      "tp": 809,
      "fp": 384,
      "fn": 1276
    },
    "PN": {
      "precision": 0.5596244131450144,
      "recall": 0.33277498604113187,
      "f1": 0.41736694631072846,
      "tp": 596,
      "fp": 469,
      "fn": 1195
    },
    "PV": {
      "precision": 0.5964052287571954,
      "recall": 0.39374325782050296,
      "f1": 0.47433398262624304,
      "tp": 365,
      "fp": 247,
      "fn": 562
    },
    "micro-average": {
      "precision": 0.6167247386757433,
      "recall": 0.36851967520292134,
      "f1": 0.4613580081332021,
      "tp": 1770,
      "fp": 1100,
      "fn": 3033
    }
  }
}