{
  "partial_match": {
    "CN": {
      "precision": 0.7458745874582535,
      "recall": 0.5368171021375122,
      "f1": 0.6243093917781303,
      "tp": 1130,
      "fp": 385,
      "fn": 975
    },
    "PN": {
      "precision": 0.47985347985322874,
      "recall": 0.5397292525011538,
      "f1": 0.5080332404986728,
      "tp": 917,
      "fp": 994,
      "fn": 782
    },
    "PV": {
      "precision": 0.290050590219102,
      "recall": 0.7661469933176324,
      "f1": 0.4207951066349761,
      "tp": 688,
      "fp": 1684,
      "fn": 210
    },
    "micro-average": {
      "precision": 0.47171438427035667,
      "recall": 0.5816673755847337,
      "f1": 0.5209523804577293,
      "tp": 2735,
      "fp": 3063,
      "fn": 1967
    }
  },
  "full_match": {
    "CN": {
      "precision": 0.46666666666635864,
      "recall": 0.3394143062888433,
      "f1": 0.39299610846165867,
      "tp": 707,
      "fp": 808,
      "fn": 1376
    },
    "PN": {
      "precision": 0.27786499215056104,
      "recall": 0.296482412060136,
      "f1": 0.2868719606024774,
      "tp": 531,
      "fp": 1380,
      "fn": 1260
    },
    "PV": {
      "precision": 0.18043844856653438,
      "recall": 0.4627027027022025,
      "f1": 0.25962996623248813,
      "tp": 428,
      "fp": 1944,
      "fn": 497
    },
    "micro-average": {
      "precision": 0.287340462228305,
      "recall": 0.3471556574285586,
      "f1": 0.3144286113756685,
      "tp": 1666,
      "fp": 4132,
      "fn": 3133
    }
  }
}