{
  "partial_match": {
    "material-property-value-condition": {
      "precision": 0.4485436893195174,
      "recall": 0.31687242798310444,
      "f1": 0.37138263617014794,
      "tp": 231,
      "fp": 284,
      "fn": 498
    },
    "micro-average": {
      "precision": 0.4485436893195174,
      "recall": 0.31687242798310444,
      "f1": 0.37138263617014794,
      "tp": 231,
      "fp": 284,
      "fn": 498
    }
  },
  "full_match": {
    "material-property-value-condition": {
      "precision": 0.31262135922269396,
      "recall": 0.24065769805644147,
      "f1": 0.2719594589674589,
      "tp": 161,
      "fp": 354,
      "fn": 508
    },
    "micro-average": {
      "precision": 0.31262135922269396,
      "recall": 0.24065769805644147,
      "f1": 0.2719594589674589,
      "tp": 161,
      "fp": 354,
      "fn": 508
    }
  }
}