{
  "partial_match": {
    "CN": {
      "precision": 0.8656417112293678,
      "recall": 0.6120037807180473,
      "f1": 0.7170542630802262,
      "tp": 1295,
      "fp": 201,
      "fn": 821
    },
    "PN": {
      "precision": 0.6116978066607541,
      "recall": 0.45062836624748615,
      "f1": 0.5189524460996962,
      "tp": 753,
      "fp": 478,
      "fn": 918
    },
    "PV": {
      "precision": 0.6116642958739521,
      "recall": 0.47671840354714334,
      "f1": 0.5358255446783583,
      "tp": 430,
      "fp": 273,
      "fn": 472
    },
    "micro-average": {
      "precision": 0.7224489795916261,
      "recall": 0.5284708893153063,
      "f1": 0.6104200019752303,
      "tp": 2478,
      "fp": 952,
      "fn": 2211
    }
  },
  "full_match": {
    "CN": {
      "precision": 0.5541443850263675,
      "recall": 0.3976019184650371,
      "f1": 0.46299916175845107,
      "tp": 829,
      "fp": 667,
      "fn": 1256
    },
    "PN": {
      "precision": 0.34768480909801164,
      "recall": 0.2389726409825578,
      "f1": 0.2832561212906418,
      "tp": 428,
      "fp": 803,
      "fn": 1363
    },
    "PV": {
      "precision": 0.3442389758174335,
      "recall": 0.26105717367825126,
      "f1": 0.29693251484650157,
      "tp": 242,
      "fp": 461,
      "fn": 685
    },
    "micro-average": {
      "precision": 0.437026239066928,
      "recall": 0.31209660628767183,
      "f1": 0.3641442968537906,
      "tp": 1499,
      "fp": 1931,
      "fn": 3304
    }
  }
}