{
  "partial_match": {
    "material-property-value-condition": {
      "precision": 0.4133099824861413,
      "recall": 0.31550802138995254,
      "f1": 0.3578468531854893,
      "tp": 236,
      "fp": 335,
      "fn": 512
    },
    "micro-average": {
      "precision": 0.4133099824861413,
      "recall": 0.31550802138995254,
      "f1": 0.3578468531854893,
      "tp": 236,
      "fp": 335,
      "fn": 512
    }
  },
  "full_match": {
    "material-property-value-condition": {
      "precision": 0.2767075306475014,
      "recall": 0.2344213649848154,
      "f1": 0.2538152605471912,
      "tp": 158,
      "fp": 413,
      "fn": 516
    },
    "micro-average": {
      "precision": 0.2767075306475014,
      "recall": 0.2344213649848154,
      "f1": 0.2538152605471912,
      "tp": 158,
      "fp": 413,
      "fn": 516
    }
  }
}