{
  "partial_match": {
    "Disease": {
      "precision": 0.8629032258050598,
      "recall": 0.5957683741641473,
      "f1": 0.7048748348254587,
      "tp": 535,
      "fp": 85,
      "fn": 363
    },
    "micro-average": {
      "precision": 0.8629032258050598,
      "recall": 0.5957683741641473,
      "f1": 0.7048748348254587,
      "tp": 535,
      "fp": 85,
      "fn": 363
    }
  },
  "full_match": {
    "Disease": {
      "precision": 0.5612903225797399,
      "recall": 0.3636363636359837,
      "f1": 0.4413443241893629,
      "tp": 348,
      "fp": 272,
      "fn": 609
    },
    "micro-average": {
      "precision": 0.5612903225797399,
      "recall": 0.3636363636359837,
      "f1": 0.4413443241893629,
      "tp": 348,
      "fp": 272,
      "fn": 609
    }
  }
}