{
  "partial_match": {
    "Organization based in": {
      "precision": 0.2844036697221614,
      "recall": 0.3444444444406173,
      "f1": 0.31155778844615034,
      "tp": 31,
      "fp": 78,
      "fn": 59
    },
    "Located in": {
      "precision": 0.26829268292464803,
      "recall": 0.37078651684976643,
      "f1": 0.3113207542269046,
      "tp": 33,
      "fp": 90,
      "fn": 56
    },
    "Live in": {
      "precision": 0.5483870967653486,
      "recall": 0.33999999999659997,
      "f1": 0.41975308594208205,
      "tp": 34,
      "fp": 28,
      "fn": 66
    },
    "Work for": {
      "precision": 0.49999999999324324,
      "recall": 0.49999999999324324,
      "f1": 0.49999999949324325,
      "tp": 37,
      "fp": 37,
      "fn": 37
    },
    "Kill": {
      "precision": 0.8780487804663891,
      "recall": 0.7659574467922138,
      "f1": 0.8181818176655477,
      "tp": 36,
      "fp": 5,
      "fn": 11
    },
    "micro-average": {
      "precision": 0.4180929095344301,
      "recall": 0.42749999999893123,
      "f1": 0.4227441280527868,
      "tp": 171,
      "fp": 238,
      "fn": 229
    }
  },
  "full_match": {
    "Organization based in": {
      "precision": 0.1284403669712987,
      "recall": 0.13461538461409023,
      "f1": 0.13145539856007402,
      "tp": 14,
      "fp": 95,
      "fn": 90
    },
    "Located in": {
      "precision": 0.14634146341344437,
      "recall": 0.19148936170009054,
      "f1": 0.16589861701892158,
      "tp": 18,
      "fp": 105,
      "fn": 76
    },
    "Live in": {
      "precision": 0.435483870960718,
      "recall": 0.2699999999973,
      "f1": 0.33333333285672917,
      "tp": 27,
      "fp": 35,
      "fn": 73
    },
    "Work for": {
      "precision": 0.27027027026661793,
      "recall": 0.26315789473337947,
      "f1": 0.26666666616319995,
      "tp": 20,
      "fp": 54,
      "fn": 56
    },
    "Kill": {
      "precision": 0.7073170731534801,
      "recall": 0.6170212765826166,
      "f1": 0.6590909085782541,
      "tp": 29,
      "fp": 12,
      "fn": 18
    },
    "micro-average": {
      "precision": 0.26405867970595587,
      "recall": 0.2565320665077042,
      "f1": 0.26024096335489916,
      "tp": 108,
      "fp": 301,
      "fn": 313
    }
  }
}