{
  "partial_match": {
    "person": {
      "precision": 0.804466230936381,
      "recall": 0.9208229426428175,
      "f1": 0.858720929734333,
      "tp": 1477,
      "fp": 359,
      "fn": 127
    },
    "location": {
      "precision": 0.6900302114799456,
      "recall": 0.6887816646557969,
      "f1": 0.6894053722735052,
      "tp": 1142,
      "fp": 513,
      "fn": 516
    },
    "organization": {
      "precision": 0.5130299494358176,
      "recall": 0.797943133695827,
      "f1": 0.6245265146748356,
      "tp": 1319,
      "fp": 1252,
      "fn": 334
    },
    "micro-average": {
      "precision": 0.6496205872648219,
      "recall": 0.8012207527973954,
      "f1": 0.7175002272542579,
      "tp": 3938,
      "fp": 2124,
      "fn": 977
    }
  },
  "full_match": {
    "person": {
      "precision": 0.7875816993459762,
      "recall": 0.900934579438691,
      "f1": 0.8404533560841536,
      "tp": 1446,
      "fp": 390,
      "fn": 159
    },
    "location": {
      "precision": 0.6501510574014199,
      "recall": 0.6466346153842268,
      "f1": 0.6483880681950032,
      "tp": 1076,
      "fp": 579,
      "fn": 588
    },
    "organization": {
      "precision": 0.4718008556979884,
      "recall": 0.7329305135947233,
      "f1": 0.5740653095090215,
      "tp": 1213,
      "fp": 1358,
      "fn": 442
    },
    "micro-average": {
      "precision": 0.6161332893433493,
      "recall": 0.7585296506903414,
      "f1": 0.6799563075336409,
      "tp": 3735,
      "fp": 2327,
      "fn": 1189
    }
  }
}