{
  "partial_match": {
    "Disease": {
      "precision": 0.8821917808207094,
      "recall": 0.6836518046701873,
      "f1": 0.770334927736782,
      "tp": 644,
      "fp": 86,
      "fn": 298
    },
    "micro-average": {
      "precision": 0.8821917808207094,
      "recall": 0.6836518046701873,
      "f1": 0.770334927736782,
      "tp": 644,
      "fp": 86,
      "fn": 298
    }
  },
  "full_match": {
    "Disease": {
      "precision": 0.6356164383552937,
      "recall": 0.48586387434504097,
      "f1": 0.5507418392708728,
      "tp": 464,
      "fp": 266,
      "fn": 491
    },
    "micro-average": {
      "precision": 0.6356164383552937,
      "recall": 0.48586387434504097,
      "f1": 0.5507418392708728,
      "tp": 464,
      "fp": 266,
      "fn": 491
    }
  }
}