{
  "partial_match": {
    "nationality": {
      "precision": 0.1428571428557823,
      "recall": 0.6521739130151228,
      "f1": 0.23437499970153805,
      "tp": 15,
      "fp": 90,
      "fn": 8
    },
    "place of death": {
      "precision": 0.1249999999921875,
      "recall": 0.9999999995,
      "f1": 0.22222222199999997,
      "tp": 2,
      "fp": 14,
      "fn": 0
    },
    "children": {
      "precision": 0.03030303030211203,
      "recall": 0.49999999975,
      "f1": 0.05714285703183675,
      "tp": 1,
      "fp": 32,
      "fn": 1
    },
    "location contains": {
      "precision": 0.27146814404356934,
      "recall": 0.6049382716012042,
      "f1": 0.3747609938348183,
      "tp": 98,
      "fp": 263,
      "fn": 64
    },
    "place of birth": {
      "precision": 0.00970873786398341,
      "recall": 0.9999999989999999,
      "f1": 0.019230769211353544,
      "tp": 1,
      "fp": 102,
      "fn": 0
    },
    "place lived": {
      "precision": 0.11111111110987654,
      "recall": 0.2564102564036818,
      "f1": 0.15503875926566912,
      "tp": 10,
      "fp": 80,
      "fn": 29
    },
    "company": {
      "precision": 0.0,
      "recall": 0.0,
      "f1": 0.0,
      "tp": 0,
      "fp": 1,
      "fn": 37
    },
    "micro-average": {
      "precision": 0.1791255289137107,
      "recall": 0.4774436090207615,
      "f1": 0.2605128201155072,
      "tp": 127,
      "fp": 582,
      "fn": 139
    }
  },
  "full_match": {
    "nationality": {
      "precision": 0.1333333333320635,
      "recall": 0.608695652147448,
      "f1": 0.21874999970178224,
      "tp": 14,
      "fp": 91,
      "fn": 9
    },
    "place of death": {
      "precision": 0.0,
      "recall": 0.0,
      "f1": 0.0,
      "tp": 0,
      "fp": 16,
      "fn": 2
    },
    "children": {
      "precision": 0.03030303030211203,
      "recall": 0.49999999975,
      "f1": 0.05714285703183675,
      "tp": 1,
      "fp": 32,
      "fn": 1
    },
    "location contains": {
      "precision": 0.1966759002764635,
      "recall": 0.4409937888171367,
      "f1": 0.2720306509133527,
      "tp": 71,
      "fp": 290,
      "fn": 90
    },
    "place of birth": {
      "precision": 0.00970873786398341,
      "recall": 0.9999999989999999,
      "f1": 0.019230769211353544,
      "tp": 1,
      "fp": 102,
      "fn": 0
    },
    "place lived": {
      "precision": 0.04444444444395062,
      "recall": 0.10256410256147272,
      "f1": 0.06201550345315787,
      "tp": 4,
      "fp": 86,
      "fn": 35
    },
    "company": {
      "precision": 0.0,
      "recall": 0.0,
      "f1": 0.0,
      "tp": 0,
      "fp": 1,
      "fn": 37
    },
    "micro-average": {
      "precision": 0.12834978843423364,
      "recall": 0.3433962264137985,
      "f1": 0.18685831582528284,
      "tp": 91,
      "fp": 618,
      "fn": 174
    }
  }
}