{
  "partial_match": {
    "person": {
      "precision": 0.4845360824740347,
      "recall": 0.7561881188114132,
      "f1": 0.5906234891321898,
      "tp": 1222,
      "fp": 1300,
      "fn": 394
    },
    "location": {
      "precision": 0.27067050596451225,
      "recall": 0.3951951951949578,
      "f1": 0.3212890620173298,
      "tp": 658,
      "fp": 1773,
      "fn": 1007
    },
    "organization": {
      "precision": 0.35920369301778443,
      "recall": 0.7600732600727961,
      "f1": 0.4878526641407473,
      "tp": 1245,
      "fp": 2221,
      "fn": 393
    },
    "micro-average": {
      "precision": 0.3711842261550812,
      "recall": 0.6352917259604319,
      "f1": 0.468585994436143,
      "tp": 3125,
      "fp": 5294,
      "fn": 1794
    }
  },
  "full_match": {
    "person": {
      "precision": 0.4734337827119455,
      "recall": 0.7384044526897103,
      "f1": 0.5769509538604218,
      "tp": 1194,
      "fp": 1328,
      "fn": 423
    },
    "location": {
      "precision": 0.24845742492791095,
      "recall": 0.36211031175038244,
      "f1": 0.2947060253771467,
      "tp": 604,
      "fp": 1827,
      "fn": 1064
    },
    "organization": {
      "precision": 0.3349682631274279,
      "recall": 0.6993975903610244,
      "f1": 0.45298478301877493,
      "tp": 1161,
      "fp": 2305,
      "fn": 499
    },
    "micro-average": {
      "precision": 0.3514669200617233,
      "recall": 0.5983822042465928,
      "f1": 0.4428314871122906,
      "tp": 2959,
      "fp": 5460,
      "fn": 1986
    }
  }
}