{
  "partial_match": {
    "CN": {
      "precision": 0.7484662576681377,
      "recall": 0.4524802967081815,
      "f1": 0.5639988437947089,
      "tp": 976,
      "fp": 328,
      "fn": 1181
    },
    "PN": {
      "precision": 0.25372311086589805,
      "recall": 0.5414949970567737,
      "f1": 0.34553990566863446,
      "tp": 920,
      "fp": 2706,
      "fn": 779
    },
    "PV": {
      "precision": 0.6611764705874574,
      "recall": 0.6300448430486211,
      "f1": 0.6452353611528219,
      "tp": 562,
      "fp": 288,
      "fn": 330
    },
    "micro-average": {
      "precision": 0.42525951557086067,
      "recall": 0.5176916596460577,
      "f1": 0.46694528825851506,
      "tp": 2458,
      "fp": 3322,
      "fn": 2290
    }
  },
  "full_match": {
    "CN": {
      "precision": 0.4915644171775371,
      "recall": 0.3074340527576463,
      "f1": 0.3782826787827485,
      "tp": 641,
      "fp": 663,
      "fn": 1444
    },
    "PN": {
      "precision": 0.1734693877550542,
      "recall": 0.3512004466776375,
      "f1": 0.23223186221189537,
      "tp": 629,
      "fp": 2997,
      "fn": 1162
    },
    "PV": {
      "precision": 0.5023529411758796,
      "recall": 0.46062567421741035,
      "f1": 0.4805852555499196,
      "tp": 427,
      "fp": 423,
      "fn": 500
    },
    "micro-average": {
      "precision": 0.2935986159169042,
      "recall": 0.35332084114087997,
      "f1": 0.3207030137723666,
      "tp": 1697,
      "fp": 4083,
      "fn": 3106
    }
  }
}