{
  "partial_match": {
    "Disease": {
      "precision": 0.798732171155628,
      "recall": 0.5606229143486534,
      "f1": 0.6588235289262446,
      "tp": 504,
      "fp": 127,
      "fn": 395
    },
    "micro-average": {
      "precision": 0.798732171155628,
      "recall": 0.5606229143486534,
      "f1": 0.6588235289262446,
      "tp": 504,
      "fp": 127,
      "fn": 395
    }
  },
  "full_match": {
    "Disease": {
      "precision": 0.4896988906489862,
      "recall": 0.3228840125388476,
      "f1": 0.38916876526365485,
      "tp": 309,
      "fp": 322,
      "fn": 648
    },
    "micro-average": {
      "precision": 0.4896988906489862,
      "recall": 0.3228840125388476,
      "f1": 0.38916876526365485,
      "tp": 309,
      "fp": 322,
      "fn": 648
    }
  }
}