{
  "partial_match": {
    "Disease": {
      "precision": 0.6952789699563355,
      "recall": 0.6871686108158143,
      "f1": 0.6911999994992798,
      "tp": 648,
      "fp": 284,
      "fn": 295
    },
    "Chemical": {
      "precision": 0.641564083996639,
      "recall": 0.7996389891689534,
      "f1": 0.7119325025187013,
      "tp": 886,
      "fp": 495,
      "fn": 222
    },
    "micro-average": {
      "precision": 0.6632079550364621,
      "recall": 0.747927840077646,
      "f1": 0.7030247474391518,
      "tp": 1534,
      "fp": 779,
      "fn": 517
    }
  },
  "full_match": {
    "Disease": {
      "precision": 0.5407725321882609,
      "recall": 0.5327695560248068,
      "f1": 0.5367412135569641,
      "tp": 504,
      "fp": 428,
      "fn": 442
    },
    "Chemical": {
      "precision": 0.5930485155679992,
      "recall": 0.730597680641632,
      "f1": 0.6546762584976817,
      "tp": 819,
      "fp": 562,
      "fn": 302
    },
    "micro-average": {
      "precision": 0.5719844357974181,
      "recall": 0.6400580551520851,
      "f1": 0.6041095885423973,
      "tp": 1323,
      "fp": 990,
      "fn": 744
    }
  }
}