{
  "partial_match": {
    "material-property-value-condition": {
      "precision": 0.4272151898720658,
      "recall": 0.20962732919222107,
      "f1": 0.2812499995577821,
      "tp": 135,
      "fp": 181,
      "fn": 509
    },
    "micro-average": {
      "precision": 0.4272151898720658,
      "recall": 0.20962732919222107,
      "f1": 0.2812499995577821,
      "tp": 135,
      "fp": 181,
      "fn": 509
    }
  },
  "full_match": {
    "material-property-value-condition": {
      "precision": 0.2563291139232395,
      "recall": 0.1361344537812838,
      "f1": 0.1778265637616544,
      "tp": 81,
      "fp": 235,
      "fn": 514
    },
    "micro-average": {
      "precision": 0.2563291139232395,
      "recall": 0.1361344537812838,
      "f1": 0.1778265637616544,
      "tp": 81,
      "fp": 235,
      "fn": 514
    }
  }
}