{
  "partial_match": {
    "person": {
      "precision": 0.41830624465337113,
      "recall": 0.6044499381949293,
      "f1": 0.4944388266143912,
      "tp": 978,
      "fp": 1360,
      "fn": 640
    },
    "location": {
      "precision": 0.26823529411752084,
      "recall": 0.3427540589294391,
      "f1": 0.300950369095452,
      "tp": 570,
      "fp": 1555,
      "fn": 1093
    },
    "organization": {
      "precision": 0.30199137754048405,
      "recall": 0.8985949908363479,
      "f1": 0.4520590039257262,
      "tp": 1471,
      "fp": 3400,
      "fn": 166
    },
    "micro-average": {
      "precision": 0.3234411827726244,
      "recall": 0.6138674257827137,
      "f1": 0.4236598367637737,
      "tp": 3019,
      "fp": 6315,
      "fn": 1899
    }
  },
  "full_match": {
    "person": {
      "precision": 0.3913601368689515,
      "recall": 0.5658627087195016,
      "f1": 0.4627054356731464,
      "tp": 915,
      "fp": 1423,
      "fn": 702
    },
    "location": {
      "precision": 0.24376470588223823,
      "recall": 0.31055155875281143,
      "f1": 0.27313472136316497,
      "tp": 518,
      "fp": 1607,
      "fn": 1150
    },
    "organization": {
      "precision": 0.28166700882769824,
      "recall": 0.8265060240958877,
      "f1": 0.4201500532113017,
      "tp": 1372,
      "fp": 3499,
      "fn": 288
    },
    "micro-average": {
      "precision": 0.3005142489821833,
      "recall": 0.5672396359958407,
      "f1": 0.39288465533540495,
      "tp": 2805,
      "fp": 6529,
      "fn": 2140
    }
  }
}