{
  "partial_match": {
    "Disease": {
      "precision": 0.6175373134322598,
      "recall": 0.6860103626935896,
      "f1": 0.6499754535999068,
      "tp": 662,
      "fp": 410,
      "fn": 303
    },
    "micro-average": {
      "precision": 0.6175373134322598,
      "recall": 0.6860103626935896,
      "f1": 0.6499754535999068,
      "tp": 662,
      "fp": 410,
      "fn": 303
    }
  },
  "full_match": {
    "Disease": {
      "precision": 0.4850746268652191,
      "recall": 0.5445026178004769,
      "f1": 0.5130735071479281,
      "tp": 520,
      "fp": 552,
      "fn": 435
    },
    "micro-average": {
      "precision": 0.4850746268652191,
      "recall": 0.5445026178004769,
      "f1": 0.5130735071479281,
      "tp": 520,
      "fp": 552,
      "fn": 435
    }
  }
}