{
  "partial_match": {
    "Disease": {
      "precision": 0.6097838452780321,
      "recall": 0.5890109890103418,
      "f1": 0.5992174394100448,
      "tp": 536,
      "fp": 343,
      "fn": 374
    },
    "micro-average": {
      "precision": 0.6097838452780321,
      "recall": 0.5890109890103418,
      "f1": 0.5992174394100448,
      "tp": 536,
      "fp": 343,
      "fn": 374
    }
  },
  "full_match": {
    "Disease": {
      "precision": 0.39021615472083027,
      "recall": 0.3584117032389149,
      "f1": 0.373638343727075,
      "tp": 343,
      "fp": 536,
      "fn": 614
    },
    "micro-average": {
      "precision": 0.39021615472083027,
      "recall": 0.3584117032389149,
      "f1": 0.373638343727075,
      "tp": 343,
      "fp": 536,
      "fn": 614
    }
  }
}