{
  "partial_match": {
    "CN": {
      "precision": 0.639684106613702,
      "recall": 0.6098823529408894,
      "f1": 0.6244278482111374,
      "tp": 1296,
      "fp": 730,
      "fn": 829
    },
    "PN": {
      "precision": 0.3171867722401876,
      "recall": 0.39639115250267964,
      "f1": 0.3523932724684615,
      "tp": 681,
      "fp": 1466,
      "fn": 1037
    },
    "PV": {
      "precision": 0.6803977272717608,
      "recall": 0.5292817679552163,
      "f1": 0.5954008696127184,
      "tp": 479,
      "fp": 225,
      "fn": 426
    },
    "micro-average": {
      "precision": 0.5035882714782646,
      "recall": 0.5172704296544824,
      "f1": 0.5103376618376461,
      "tp": 2456,
      "fp": 2421,
      "fn": 2292
    }
  },
  "full_match": {
    "CN": {
      "precision": 0.41510365251707054,
      "recall": 0.4033573141484876,
      "f1": 0.4091461926402591,
      "tp": 841,
      "fp": 1185,
      "fn": 1244
    },
    "PN": {
      "precision": 0.22170470423836902,
      "recall": 0.26577331099929324,
      "f1": 0.24174707923986993,
      "tp": 476,
      "fp": 1671,
      "fn": 1315
    },
    "PV": {
      "precision": 0.48153409090840693,
      "recall": 0.3656957928798644,
      "f1": 0.41569589159957915,
      "tp": 339,
      "fp": 365,
      "fn": 588
    },
    "micro-average": {
      "precision": 0.3395530038957679,
      "recall": 0.3447845096813773,
      "f1": 0.34214875983053705,
      "tp": 1656,
      "fp": 3221,
      "fn": 3147
    }
  }
}