{
  "partial_match": {
    "Disease": {
      "precision": 0.9039881831596691,
      "recall": 0.6524520255856584,
      "f1": 0.7578947363542256,
      "tp": 612,
      "fp": 65,
      "fn": 326
    },
    "Chemical": {
      "precision": 0.7697784810120493,
      "recall": 0.8773669972940691,
      "f1": 0.8200589965515894,
      "tp": 973,
      "fp": 291,
      "fn": 136
    },
    "micro-average": {
      "precision": 0.8165893869135412,
      "recall": 0.7743038593059236,
      "f1": 0.7948846534618403,
      "tp": 1585,
      "fp": 356,
      "fn": 462
    }
  },
  "full_match": {
    "Disease": {
      "precision": 0.6971935007375226,
      "recall": 0.4984160506858517,
      "f1": 0.5812807876904446,
      "tp": 472,
      "fp": 205,
      "fn": 475
    },
    "Chemical": {
      "precision": 0.7120253164551329,
      "recall": 0.799999999999289,
      "f1": 0.7534533272532594,
      "tp": 900,
      "fp": 364,
      "fn": 225
    },
    "micro-average": {
      "precision": 0.706852138072794,
      "recall": 0.6621621621618425,
      "f1": 0.6837777219023847,
      "tp": 1372,
      "fp": 569,
      "fn": 700
    }
  }
}