{
  "partial_match": {
    "Organization based in": {
      "precision": 0.24107142857035238,
      "recall": 0.5934065934000724,
      "f1": 0.3428571424441018,
      "tp": 54,
      "fp": 170,
      "fn": 37
    },
    "Located in": {
      "precision": 0.15233415233377806,
      "recall": 0.6888888888812346,
      "f1": 0.24949698159375572,
      "tp": 62,
      "fp": 345,
      "fn": 28
    },
    "Live in": {
      "precision": 0.24157303370650804,
      "recall": 0.4299999999957,
      "f1": 0.3093525175227473,
      "tp": 43,
      "fp": 135,
      "fn": 57
    },
    "Work for": {
      "precision": 0.3333333333309693,
      "recall": 0.6438356164295365,
      "f1": 0.43925233599497776,
      "tp": 47,
      "fp": 94,
      "fn": 26
    },
    "Kill": {
      "precision": 0.5714285714169096,
      "recall": 0.5957446808383885,
      "f1": 0.5833333328213977,
      "tp": 28,
      "fp": 21,
      "fn": 19
    },
    "micro-average": {
      "precision": 0.23423423423399978,
      "recall": 0.5835411471307144,
      "f1": 0.3342857138764622,
      "tp": 234,
      "fp": 765,
      "fn": 167
    }
  },
  "full_match": {
    "Organization based in": {
      "precision": 0.15178571428503668,
      "recall": 0.32692307691993344,
      "f1": 0.20731707273639202,
      "tp": 34,
      "fp": 190,
      "fn": 70
    },
    "Located in": {
      "precision": 0.10073710073685323,
      "recall": 0.43617021276131734,
      "f1": 0.163672654385122,
      "tp": 41,
      "fp": 366,
      "fn": 53
    },
    "Live in": {
      "precision": 0.1685393258417498,
      "recall": 0.299999999997,
      "f1": 0.215827337667305,
      "tp": 30,
      "fp": 148,
      "fn": 70
    },
    "Work for": {
      "precision": 0.21276595744529955,
      "recall": 0.3947368421000692,
      "f1": 0.2764976953948481,
      "tp": 30,
      "fp": 111,
      "fn": 46
    },
    "Kill": {
      "precision": 0.48979591835735115,
      "recall": 0.5106382978614759,
      "f1": 0.4999999994898003,
      "tp": 24,
      "fp": 25,
      "fn": 23
    },
    "micro-average": {
      "precision": 0.15915915915899984,
      "recall": 0.3776722090252312,
      "f1": 0.22394366155435727,
      "tp": 159,
      "fp": 840,
      "fn": 262
    }
  }
}