{
  "partial_match": {
    "CN": {
      "precision": 0.8936484490385619,
      "recall": 0.28483992467029906,
      "f1": 0.4319885751418769,
      "tp": 605,
      "fp": 72,
      "fn": 1519
    },
    "PN": {
      "precision": 0.28678537956861594,
      "recall": 0.17297908422827984,
      "f1": 0.2157968965685656,
      "tp": 306,
      "fp": 761,
      "fn": 1463
    },
    "PV": {
      "precision": 0.6814516129004781,
      "recall": 0.1827027027025052,
      "f1": 0.28815004229180724,
      "tp": 169,
      "fp": 79,
      "fn": 756
    },
    "micro-average": {
      "precision": 0.542168674698523,
      "recall": 0.22415940224154748,
      "f1": 0.31718061632609834,
      "tp": 1080,
      "fp": 912,
      "fn": 3738
    }
  },
  "full_match": {
    "CN": {
      "precision": 0.6041358936475567,
      "recall": 0.19616306954427043,
      "f1": 0.29616220093312445,
      "tp": 409,
      "fp": 268,
      "fn": 1676
    },
    "PN": {
      "precision": 0.1968134957823835,
      "recall": 0.11725293132321761,
      "f1": 0.14695591275801587,
      "tp": 210,
      "fp": 857,
      "fn": 1581
    },
    "PV": {
      "precision": 0.5322580645139828,
      "recall": 0.1423948220063189,
      "f1": 0.2246808507304156,
      "tp": 132,
      "fp": 116,
      "fn": 795
    },
    "micro-average": {
      "precision": 0.3770080321283248,
      "recall": 0.1563606079533299,
      "f1": 0.22104488553105142,
      "tp": 751,
      "fp": 1241,
      "fn": 4052
    }
  }
}