{
  "partial_match": {
    "CN": {
      "precision": 0.7994289792999291,
      "recall": 0.5434255215911968,
      "f1": 0.6470248406500917,
      "tp": 1120,
      "fp": 281,
      "fn": 941
    },
    "PN": {
      "precision": 0.410774410774065,
      "recall": 0.2860492379834197,
      "f1": 0.33724948120203324,
      "tp": 488,
      "fp": 700,
      "fn": 1218
    },
    "PV": {
      "precision": 0.48076923076791,
      "recall": 0.19685039370056598,
      "f1": 0.2793296085258798,
      "tp": 175,
      "fp": 189,
      "fn": 714
    },
    "micro-average": {
      "precision": 0.6037927531322033,
      "recall": 0.3829467353951067,
      "f1": 0.46865553901762913,
      "tp": 1783,
      "fp": 1170,
      "fn": 2873
    }
  },
  "full_match": {
    "CN": {
      "precision": 0.5053533190574552,
      "recall": 0.33956834532357816,
      "f1": 0.40619621294414593,
      "tp": 708,
      "fp": 693,
      "fn": 1377
    },
    "PN": {
      "precision": 0.23232323232303675,
      "recall": 0.15410385259622886,
      "f1": 0.18529707907726017,
      "tp": 276,
      "fp": 912,
      "fn": 1515
    },
    "PV": {
      "precision": 0.11263736263705319,
      "recall": 0.044228694714083895,
      "f1": 0.06351665335176918,
      "tp": 41,
      "fp": 323,
      "fn": 886
    },
    "micro-average": {
      "precision": 0.3471046393496962,
      "recall": 0.21340828648756746,
      "f1": 0.2643115003019736,
      "tp": 1025,
      "fp": 1928,
      "fn": 3778
    }
  }
}