{
  "partial_match": {
    "CN": {
      "precision": 0.7784903798713476,
      "recall": 0.7366946778708046,
      "f1": 0.7570160705002571,
      "tp": 1578,
      "fp": 449,
      "fn": 564
    },
    "PN": {
      "precision": 0.46279761904727473,
      "recall": 0.3587081891578093,
      "f1": 0.40415854401718626,
      "tp": 622,
      "fp": 722,
      "fn": 1112
    },
    "PV": {
      "precision": 0.7841483979750689,
      "recall": 0.5126791620722021,
      "f1": 0.6199999995210835,
      "tp": 465,
      "fp": 128,
      "fn": 442
    },
    "micro-average": {
      "precision": 0.6723007063570453,
      "recall": 0.5571816851347361,
      "f1": 0.6093517772566163,
      "tp": 2665,
      "fp": 1299,
      "fn": 2118
    }
  },
  "full_match": {
    "CN": {
      "precision": 0.5209669462256926,
      "recall": 0.506474820143642,
      "f1": 0.513618676542651,
      "tp": 1056,
      "fp": 971,
      "fn": 1029
    },
    "PN": {
      "precision": 0.32961309523785,
      "recall": 0.24734785036278764,
      "f1": 0.28261562949403585,
      "tp": 443,
      "fp": 901,
      "fn": 1348
    },
    "PV": {
      "precision": 0.6037099494087628,
      "recall": 0.3861920172595618,
      "f1": 0.47105263110246975,
      "tp": 358,
      "fp": 235,
      "fn": 569
    },
    "micro-average": {
      "precision": 0.46846619576173854,
      "recall": 0.3866333541535734,
      "f1": 0.42363408185876567,
      "tp": 1857,
      "fp": 2107,
      "fn": 2946
    }
  }
}