{
  "partial_match": {
    "nationality": {
      "precision": 0.09734513274250137,
      "recall": 0.47826086954442343,
      "f1": 0.1617647055989403,
      "tp": 11,
      "fp": 102,
      "fn": 12
    },
    "place of death": {
      "precision": 0.22222222219753085,
      "recall": 0.9999999995,
      "f1": 0.3636363632727272,
      "tp": 2,
      "fp": 7,
      "fn": 0
    },
    "children": {
      "precision": 0.0,
      "recall": 0.0,
      "f1": 0.0,
      "tp": 0,
      "fp": 7,
      "fn": 2
    },
    "location contains": {
      "precision": 0.17449664429413092,
      "recall": 0.16149068322881063,
      "f1": 0.16774193498353798,
      "tp": 26,
      "fp": 123,
      "fn": 135
    },
    "place of birth": {
      "precision": 0.0,
      "recall": 0.0,
      "f1": 0.0,
      "tp": 0,
      "fp": 92,
      "fn": 1
    },
    "place lived": {
      "precision": 0.04225352112646301,
      "recall": 0.1538461538422091,
      "f1": 0.06629834220261897,
      "tp": 6,
      "fp": 136,
      "fn": 33
    },
    "company": {
      "precision": 0.0,
      "recall": 0.0,
      "f1": 0.0,
      "tp": 0,
      "fp": 1,
      "fn": 37
    },
    "micro-average": {
      "precision": 0.08771929824544304,
      "recall": 0.16981132075407618,
      "f1": 0.11568123348367046,
      "tp": 45,
      "fp": 468,
      "fn": 220
    }
  },
  "full_match": {
    "nationality": {
      "precision": 0.09734513274250137,
      "recall": 0.47826086954442343,
      "f1": 0.1617647055989403,
      "tp": 11,
      "fp": 102,
      "fn": 12
    },
    "place of death": {
      "precision": 0.22222222219753085,
      "recall": 0.9999999995,
      "f1": 0.3636363632727272,
      "tp": 2,
      "fp": 7,
      "fn": 0
    },
    "children": {
      "precision": 0.0,
      "recall": 0.0,
      "f1": 0.0,
      "tp": 0,
      "fp": 7,
      "fn": 2
    },
    "location contains": {
      "precision": 0.14765100671041845,
      "recall": 0.13664596273207053,
      "f1": 0.14193548337080125,
      "tp": 22,
      "fp": 127,
      "fn": 139
    },
    "place of birth": {
      "precision": 0.0,
      "recall": 0.0,
      "f1": 0.0,
      "tp": 0,
      "fp": 92,
      "fn": 1
    },
    "place lived": {
      "precision": 0.04225352112646301,
      "recall": 0.1538461538422091,
      "f1": 0.06629834220261897,
      "tp": 6,
      "fp": 136,
      "fn": 33
    },
    "company": {
      "precision": 0.0,
      "recall": 0.0,
      "f1": 0.0,
      "tp": 0,
      "fp": 1,
      "fn": 37
    },
    "micro-average": {
      "precision": 0.07992202729029255,
      "recall": 0.15471698113149163,
      "f1": 0.10539845713408251,
      "tp": 41,
      "fp": 472,
      "fn": 224
    }
  }
}