{
  "partial_match": {
    "person": {
      "precision": 0.7165077772199114,
      "recall": 0.8847583643117195,
      "f1": 0.7917937339104042,
      "tp": 1428,
      "fp": 565,
      "fn": 186
    },
    "location": {
      "precision": 0.4165057915055905,
      "recall": 0.5262195121948011,
      "f1": 0.4649784477823837,
      "tp": 863,
      "fp": 1209,
      "fn": 777
    },
    "organization": {
      "precision": 0.40961610137890064,
      "recall": 0.6729944886707453,
      "f1": 0.5092678401224986,
      "tp": 1099,
      "fp": 1584,
      "fn": 534
    },
    "micro-average": {
      "precision": 0.5023710729104175,
      "recall": 0.6936771025167395,
      "f1": 0.5827245375444922,
      "tp": 3390,
      "fp": 3358,
      "fn": 1497
    }
  },
  "full_match": {
    "person": {
      "precision": 0.6623181133965568,
      "recall": 0.8163265306117401,
      "f1": 0.7313019385631907,
      "tp": 1320,
      "fp": 673,
      "fn": 297
    },
    "location": {
      "precision": 0.359555984555811,
      "recall": 0.44664268585105116,
      "f1": 0.3983957214307549,
      "tp": 745,
      "fp": 1327,
      "fn": 923
    },
    "organization": {
      "precision": 0.3663809168839484,
      "recall": 0.5921686746984385,
      "f1": 0.45268247707761433,
      "tp": 983,
      "fp": 1700,
      "fn": 677
    },
    "micro-average": {
      "precision": 0.4516893894486586,
      "recall": 0.6163801820018976,
      "f1": 0.5213375518935658,
      "tp": 3048,
      "fp": 3700,
      "fn": 1897
    }
  }
}