{
  "partial_match": {
    "Organization based in": {
      "precision": 0.231999999998144,
      "recall": 0.2989690721618663,
      "f1": 0.26126126076686146,
      "tp": 29,
      "fp": 96,
      "fn": 68
    },
    "Located in": {
      "precision": 0.2514285714271347,
      "recall": 0.4835164835111701,
      "f1": 0.33082706721654703,
      "tp": 44,
      "fp": 131,
      "fn": 47
    },
    "Live in": {
      "precision": 0.57575757575176,
      "recall": 0.5816326530552894,
      "f1": 0.5786802025398232,
      "tp": 57,
      "fp": 42,
      "fn": 41
    },
    "Work for": {
      "precision": 0.43434343433904704,
      "recall": 0.5657894736767659,
      "f1": 0.4914285709315918,
      "tp": 43,
      "fp": 56,
      "fn": 33
    },
    "Kill": {
      "precision": 0.8666666666088889,
      "recall": 0.27659574467496606,
      "f1": 0.4193548383293444,
      "tp": 13,
      "fp": 2,
      "fn": 34
    },
    "micro-average": {
      "precision": 0.3625730994144979,
      "recall": 0.4547677261602573,
      "f1": 0.40347071534062756,
      "tp": 186,
      "fp": 327,
      "fn": 223
    }
  },
  "full_match": {
    "Organization based in": {
      "precision": 0.143999999998848,
      "recall": 0.18181818181634526,
      "f1": 0.16071428521958703,
      "tp": 18,
      "fp": 107,
      "fn": 81
    },
    "Located in": {
      "precision": 0.18285714285609797,
      "recall": 0.34042553191127206,
      "f1": 0.23791821515694922,
      "tp": 32,
      "fp": 143,
      "fn": 62
    },
    "Live in": {
      "precision": 0.42424242423813896,
      "recall": 0.4285714285670554,
      "f1": 0.42639593858197844,
      "tp": 42,
      "fp": 57,
      "fn": 56
    },
    "Work for": {
      "precision": 0.3030303030272421,
      "recall": 0.3947368421000692,
      "f1": 0.3428571423618612,
      "tp": 30,
      "fp": 69,
      "fn": 46
    },
    "Kill": {
      "precision": 0.7999999999466667,
      "recall": 0.2553191489307379,
      "f1": 0.38709677381425606,
      "tp": 12,
      "fp": 3,
      "fn": 35
    },
    "micro-average": {
      "precision": 0.2612085769975415,
      "recall": 0.32367149758375924,
      "f1": 0.2891046381242807,
      "tp": 134,
      "fp": 379,
      "fn": 280
    }
  }
}