{
  "partial_match": {
    "person": {
      "precision": 0.7852619458832555,
      "recall": 0.8493150684926218,
      "f1": 0.8160335023420385,
      "tp": 1364,
      "fp": 373,
      "fn": 242
    },
    "location": {
      "precision": 0.5716543730239348,
      "recall": 0.657575757575359,
      "f1": 0.6116121753758298,
      "tp": 1085,
      "fp": 813,
      "fn": 565
    },
    "organization": {
      "precision": 0.4870071684585632,
      "recall": 0.6619975639460036,
      "f1": 0.5611770774669089,
      "tp": 1087,
      "fp": 1145,
      "fn": 555
    },
    "micro-average": {
      "precision": 0.6026930288050788,
      "recall": 0.7219273172722086,
      "f1": 0.6569437988536736,
      "tp": 3536,
      "fp": 2331,
      "fn": 1362
    }
  },
  "full_match": {
    "person": {
      "precision": 0.7530224525038842,
      "recall": 0.813939016800987,
      "f1": 0.7822966502179911,
      "tp": 1308,
      "fp": 429,
      "fn": 299
    },
    "location": {
      "precision": 0.5358271865118357,
      "recall": 0.6119133574003538,
      "f1": 0.5713483141086179,
      "tp": 1017,
      "fp": 881,
      "fn": 645
    },
    "organization": {
      "precision": 0.45519713261628353,
      "recall": 0.6135265700479386,
      "f1": 0.5226337443666721,
      "tp": 1016,
      "fp": 1216,
      "fn": 640
    },
    "micro-average": {
      "precision": 0.569456280893034,
      "recall": 0.6783756345176287,
      "f1": 0.6191623419796027,
      "tp": 3341,
      "fp": 2526,
      "fn": 1584
    }
  }
}