{
  "partial_match": {
    "CN": {
      "precision": 0.8708955223874097,
      "recall": 0.9306220095686358,
      "f1": 0.8997686964929168,
      "tp": 1167,
      "fp": 173,
      "fn": 87
    },
    "PN": {
      "precision": 0.49891383055720573,
      "recall": 0.7245005257615936,
      "f1": 0.5909090904255841,
      "tp": 689,
      "fp": 692,
      "fn": 262
    },
    "PV": {
      "precision": 0.8250497017876242,
      "recall": 0.767097966726863,
      "f1": 0.7950191565872621,
      "tp": 415,
      "fp": 88,
      "fn": 126
    },
    "micro-average": {
      "precision": 0.7044044665010222,
      "recall": 0.8270211216311628,
      "f1": 0.7608040196034529,
      "tp": 2271,
      "fp": 953,
      "fn": 475
    }
  },
  "full_match": {
    "CN": {
      "precision": 0.5589552238801799,
      "recall": 0.6468048359234484,
      "f1": 0.5996797432972101,
      "tp": 749,
      "fp": 591,
      "fn": 409
    },
    "PN": {
      "precision": 0.3714699493118237,
      "recall": 0.5394321766555842,
      "f1": 0.4399656941992985,
      "tp": 513,
      "fp": 868,
      "fn": 438
    },
    "PV": {
      "precision": 0.7176938369767044,
      "recall": 0.6760299625455505,
      "f1": 0.6962391508973682,
      "tp": 361,
      "fp": 142,
      "fn": 173
    },
    "micro-average": {
      "precision": 0.503411910669819,
      "recall": 0.6140749148692342,
      "f1": 0.5532640185945392,
      "tp": 1623,
      "fp": 1601,
      "fn": 1020
    }
  }
}