{
  "partial_match": {
    "material-property-value-condition": {
      "precision": 0.3903133903128343,
      "recall": 0.35309278350469964,
      "f1": 0.37077131208532543,
      "tp": 274,
      "fp": 428,
      "fn": 502
    },
    "micro-average": {
      "precision": 0.3903133903128343,
      "recall": 0.35309278350469964,
      "f1": 0.37077131208532543,
      "tp": 274,
      "fp": 428,
      "fn": 502
    }
  },
  "full_match": {
    "material-property-value-condition": {
      "precision": 0.22079772079740628,
      "recall": 0.23065476190441866,
      "f1": 0.2256186312320788,
      "tp": 155,
      "fp": 547,
      "fn": 517
    },
    "micro-average": {
      "precision": 0.22079772079740628,
      "recall": 0.23065476190441866,
      "f1": 0.2256186312320788,
      "tp": 155,
      "fp": 547,
      "fn": 517
    }
  }
}