{
  "partial_match": {
    "Disease": {
      "precision": 0.855319148934957,
      "recall": 0.6463022508031658,
      "f1": 0.7362637357725248,
      "tp": 603,
      "fp": 102,
      "fn": 330
    },
    "Chemical": {
      "precision": 0.741507870753321,
      "recall": 0.8195970695963191,
      "f1": 0.7785993905401561,
      "tp": 895,
      "fp": 312,
      "fn": 197
    },
    "micro-average": {
      "precision": 0.7834728033468705,
      "recall": 0.7397530864193878,
      "f1": 0.7609855214710691,
      "tp": 1498,
      "fp": 414,
      "fn": 527
    }
  },
  "full_match": {
    "Disease": {
      "precision": 0.6070921985806992,
      "recall": 0.45195353748632316,
      "f1": 0.5181598058055018,
      "tp": 428,
      "fp": 277,
      "fn": 519
    },
    "Chemical": {
      "precision": 0.6487158243573747,
      "recall": 0.6959999999993813,
      "f1": 0.6715265861209685,
      "tp": 783,
      "fp": 424,
      "fn": 342
    },
    "micro-average": {
      "precision": 0.6333682008364888,
      "recall": 0.5844594594591774,
      "f1": 0.6079317264081318,
      "tp": 1211,
      "fp": 701,
      "fn": 861
    }
  }
}