{
  "partial_match": {
    "CN": {
      "precision": 0.7340011129656461,
      "recall": 0.6248223590712341,
      "f1": 0.6750255880392181,
      "tp": 1319,
      "fp": 478,
      "fn": 792
    },
    "PN": {
      "precision": 0.4276701216762381,
      "recall": 0.5588928150762316,
      "f1": 0.4845545055080878,
      "tp": 949,
      "fp": 1270,
      "fn": 749
    },
    "PV": {
      "precision": 0.2776801405974175,
      "recall": 0.706145251395859,
      "f1": 0.3986124246970741,
      "tp": 632,
      "fp": 1644,
      "fn": 263
    },
    "micro-average": {
      "precision": 0.46090273362993306,
      "recall": 0.6164965986393247,
      "f1": 0.5274645320676257,
      "tp": 2900,
      "fp": 3392,
      "fn": 1804
    }
  },
  "full_match": {
    "CN": {
      "precision": 0.4635503617137098,
      "recall": 0.39990398463735005,
      "f1": 0.42938144280146445,
      "tp": 833,
      "fp": 964,
      "fn": 1250
    },
    "PN": {
      "precision": 0.26182965299672745,
      "recall": 0.3243997766609021,
      "f1": 0.2897755606028083,
      "tp": 581,
      "fp": 1638,
      "fn": 1210
    },
    "PV": {
      "precision": 0.17486818980660154,
      "recall": 0.43027027026980513,
      "f1": 0.2486722894983134,
      "tp": 398,
      "fp": 1878,
      "fn": 527
    },
    "micro-average": {
      "precision": 0.28798474253015127,
      "recall": 0.3775786622212174,
      "f1": 0.3267514195793288,
      "tp": 1812,
      "fp": 4480,
      "fn": 2987
    }
  }
}