{
  "partial_match": {
    "person": {
      "precision": 0.6981689308914955,
      "recall": 0.7337057728114627,
      "f1": 0.7154963675386157,
      "tp": 1182,
      "fp": 511,
      "fn": 429
    },
    "location": {
      "precision": 0.3285621340271122,
      "recall": 0.3040337146295581,
      "f1": 0.31582238849367494,
      "tp": 505,
      "fp": 1032,
      "fn": 1156
    },
    "organization": {
      "precision": 0.3042758620688816,
      "recall": 0.671741778318714,
      "f1": 0.41883425056748763,
      "tp": 1103,
      "fp": 2522,
      "fn": 539
    },
    "micro-average": {
      "precision": 0.40700218818374806,
      "recall": 0.5677655677654522,
      "f1": 0.47412694317908155,
      "tp": 2790,
      "fp": 4065,
      "fn": 2124
    }
  },
  "full_match": {
    "person": {
      "precision": 0.6769049025394702,
      "recall": 0.7109181141434796,
      "f1": 0.6934947044923164,
      "tp": 1146,
      "fp": 547,
      "fn": 466
    },
    "location": {
      "precision": 0.29733246584235695,
      "recall": 0.27463942307675804,
      "f1": 0.2855357695724612,
      "tp": 457,
      "fp": 1080,
      "fn": 1207
    },
    "organization": {
      "precision": 0.28579310344819703,
      "recall": 0.6248492159224217,
      "f1": 0.39220140028845324,
      "tp": 1036,
      "fp": 2589,
      "fn": 622
    },
    "micro-average": {
      "precision": 0.384974471188857,
      "recall": 0.5348601540331303,
      "f1": 0.44770548768013535,
      "tp": 2639,
      "fp": 4216,
      "fn": 2295
    }
  }
}