{
  "partial_match": {
    "person": {
      "precision": 0.3660685154974336,
      "recall": 0.6917385943275637,
      "f1": 0.47877106846120604,
      "tp": 1122,
      "fp": 1943,
      "fn": 500
    },
    "location": {
      "precision": 0.2527018436108542,
      "recall": 0.4786273329316805,
      "f1": 0.3307676300863771,
      "tp": 795,
      "fp": 2351,
      "fn": 866
    },
    "organization": {
      "precision": 0.33684765419073887,
      "recall": 0.781651376146311,
      "f1": 0.4708049360312862,
      "tp": 1278,
      "fp": 2516,
      "fn": 357
    },
    "micro-average": {
      "precision": 0.3193403298350505,
      "recall": 0.6496543310287414,
      "f1": 0.4281980830533191,
      "tp": 3195,
      "fp": 6810,
      "fn": 1723
    }
  },
  "full_match": {
    "person": {
      "precision": 0.31190864600316087,
      "recall": 0.5912183055036542,
      "f1": 0.40837248993637215,
      "tp": 956,
      "fp": 2109,
      "fn": 661
    },
    "location": {
      "precision": 0.2342657342656598,
      "recall": 0.4418465227815097,
      "f1": 0.3061902779018023,
      "tp": 737,
      "fp": 2409,
      "fn": 931
    },
    "organization": {
      "precision": 0.29994728518705854,
      "recall": 0.6855421686742859,
      "f1": 0.41730839708281137,
      "tp": 1138,
      "fp": 2656,
      "fn": 522
    },
    "micro-average": {
      "precision": 0.28295852073960187,
      "recall": 0.5724974721940197,
      "f1": 0.378729096547194,
      "tp": 2831,
      "fp": 7174,
      "fn": 2114
    }
  }
}