{
  "partial_match": {
    "CN": {
      "precision": 0.7079439252330935,
      "recall": 0.42259414225921776,
      "f1": 0.5292576414529425,
      "tp": 909,
      "fp": 375,
      "fn": 1242
    },
    "PN": {
      "precision": 0.41188630490934786,
      "recall": 0.45181405895666,
      "f1": 0.43092727714344164,
      "tp": 797,
      "fp": 1138,
      "fn": 967
    },
    "PV": {
      "precision": 0.2691521961183508,
      "recall": 0.580396475770286,
      "f1": 0.3677599437399183,
      "tp": 527,
      "fp": 1431,
      "fn": 381
    },
    "micro-average": {
      "precision": 0.43133088661378566,
      "recall": 0.46298984034823487,
      "f1": 0.44659999950053714,
      "tp": 2233,
      "fp": 2944,
      "fn": 2590
    }
  },
  "full_match": {
    "CN": {
      "precision": 0.4633956386289226,
      "recall": 0.28564570331239286,
      "f1": 0.3534303529582999,
      "tp": 595,
      "fp": 689,
      "fn": 1488
    },
    "PN": {
      "precision": 0.29405684754506767,
      "recall": 0.3176996091567182,
      "f1": 0.30542136289296073,
      "tp": 569,
      "fp": 1366,
      "fn": 1222
    },
    "PV": {
      "precision": 0.1935648621040891,
      "recall": 0.4097297297292868,
      "f1": 0.2629205684159001,
      "tp": 379,
      "fp": 1579,
      "fn": 546
    },
    "micro-average": {
      "precision": 0.298049063163937,
      "recall": 0.32152531777446935,
      "f1": 0.30934242131300543,
      "tp": 1543,
      "fp": 3634,
      "fn": 3256
    }
  }
}