{
  "partial_match": {
    "material-property-value-condition": {
      "precision": 0.41623488773675954,
      "recall": 0.3239247311823603,
      "f1": 0.3643235066878764,
      "tp": 241,
      "fp": 338,
      "fn": 503
    },
    "micro-average": {
      "precision": 0.41623488773675954,
      "recall": 0.3239247311823603,
      "f1": 0.3643235066878764,
      "tp": 241,
      "fp": 338,
      "fn": 503
    }
  },
  "full_match": {
    "material-property-value-condition": {
      "precision": 0.2400690846282555,
      "recall": 0.21253822629936922,
      "f1": 0.22546634175614766,
      "tp": 139,
      "fp": 440,
      "fn": 515
    },
    "micro-average": {
      "precision": 0.2400690846282555,
      "recall": 0.21253822629936922,
      "f1": 0.22546634175614766,
      "tp": 139,
      "fp": 440,
      "fn": 515
    }
  }
}