{
  "partial_match": {
    "Disease": {
      "precision": 0.8565573770480102,
      "recall": 0.6720257234719486,
      "f1": 0.7531531526595352,
      "tp": 627,
      "fp": 105,
      "fn": 306
    },
    "Chemical": {
      "precision": 0.7574215436804432,
      "recall": 0.8177655677648189,
      "f1": 0.7864376921464525,
      "tp": 893,
      "fp": 286,
      "fn": 199
    },
    "micro-average": {
      "precision": 0.7953950811089506,
      "recall": 0.7506172839502466,
      "f1": 0.7723577230772628,
      "tp": 1520,
      "fp": 391,
      "fn": 505
    }
  },
  "full_match": {
    "Disease": {
      "precision": 0.6133879781412386,
      "recall": 0.4741288278770073,
      "f1": 0.5348421674646789,
      "tp": 449,
      "fp": 283,
      "fn": 498
    },
    "Chemical": {
      "precision": 0.6641221374040168,
      "recall": 0.6959999999993813,
      "f1": 0.6796874994996847,
      "tp": 783,
      "fp": 396,
      "fn": 342
    },
    "micro-average": {
      "precision": 0.6446886446883073,
      "recall": 0.5945945945943076,
      "f1": 0.6186291734899615,
      "tp": 1232,
      "fp": 679,
      "fn": 840
    }
  }
}