{
  "partial_match": {
    "nationality": {
      "precision": 0.11940298507373581,
      "recall": 0.7272727272396694,
      "f1": 0.2051282048833005,
      "tp": 16,
      "fp": 118,
      "fn": 6
    },
    "place of death": {
      "precision": 0.15384615383431952,
      "recall": 0.9999999995,
      "f1": 0.2666666664,
      "tp": 2,
      "fp": 11,
      "fn": 0
    },
    "children": {
      "precision": 0.0,
      "recall": 0.0,
      "f1": 0.0,
      "tp": 0,
      "fp": 30,
      "fn": 2
    },
    "location contains": {
      "precision": 0.23469387755022214,
      "recall": 0.4339622641482141,
      "f1": 0.304635761132465,
      "tp": 69,
      "fp": 225,
      "fn": 90
    },
    "place of birth": {
      "precision": 0.01041666666655816,
      "recall": 0.9999999989999999,
      "f1": 0.020618556680199806,
      "tp": 1,
      "fp": 95,
      "fn": 0
    },
    "place lived": {
      "precision": 0.10606060605980258,
      "recall": 0.35897435896515456,
      "f1": 0.16374268970445607,
      "tp": 14,
      "fp": 118,
      "fn": 25
    },
    "company": {
      "precision": 0.08333333332638888,
      "recall": 0.027027027026296568,
      "f1": 0.04081632615910038,
      "tp": 1,
      "fp": 11,
      "fn": 36
    },
    "micro-average": {
      "precision": 0.14486638537251073,
      "recall": 0.39312977099086593,
      "f1": 0.21171634081878135,
      "tp": 103,
      "fp": 608,
      "fn": 159
    }
  },
  "full_match": {
    "nationality": {
      "precision": 0.11194029850662732,
      "recall": 0.6818181817871901,
      "f1": 0.192307692062952,
      "tp": 15,
      "fp": 119,
      "fn": 7
    },
    "place of death": {
      "precision": 0.0,
      "recall": 0.0,
      "f1": 0.0,
      "tp": 0,
      "fp": 13,
      "fn": 2
    },
    "children": {
      "precision": 0.0,
      "recall": 0.0,
      "f1": 0.0,
      "tp": 0,
      "fp": 30,
      "fn": 2
    },
    "location contains": {
      "precision": 0.18367346938713036,
      "recall": 0.339622641507298,
      "f1": 0.23841059556984348,
      "tp": 54,
      "fp": 240,
      "fn": 105
    },
    "place of birth": {
      "precision": 0.0,
      "recall": 0.0,
      "f1": 0.0,
      "tp": 0,
      "fp": 96,
      "fn": 1
    },
    "place lived": {
      "precision": 0.060606060605601475,
      "recall": 0.20512820512294544,
      "f1": 0.09356725110878561,
      "tp": 8,
      "fp": 124,
      "fn": 31
    },
    "company": {
      "precision": 0.08333333332638888,
      "recall": 0.027027027026296568,
      "f1": 0.04081632615910038,
      "tp": 1,
      "fp": 11,
      "fn": 36
    },
    "micro-average": {
      "precision": 0.10970464135005667,
      "recall": 0.2977099236629859,
      "f1": 0.160328879359483,
      "tp": 78,
      "fp": 633,
      "fn": 184
    }
  }
}