{
  "partial_match": {
    "material-property-value-condition": {
      "precision": 0.3672131147528944,
      "recall": 0.18064516129003122,
      "f1": 0.24216216171962254,
      "tp": 112,
      "fp": 193,
      "fn": 508
    },
    "micro-average": {
      "precision": 0.3672131147528944,
      "recall": 0.18064516129003122,
      "f1": 0.24216216171962254,
      "tp": 112,
      "fp": 193,
      "fn": 508
    }
  },
  "full_match": {
    "material-property-value-condition": {
      "precision": 0.19344262295018544,
      "recall": 0.10243055555537772,
      "f1": 0.1339387055628974,
      "tp": 59,
      "fp": 246,
      "fn": 517
    },
    "micro-average": {
      "precision": 0.19344262295018544,
      "recall": 0.10243055555537772,
      "f1": 0.1339387055628974,
      "tp": 59,
      "fp": 246,
      "fn": 517
    }
  }
}