{
  "partial_match": {
    "Organization based in": {
      "precision": 0.26582278480676175,
      "recall": 0.2258064516104752,
      "f1": 0.24418604601210114,
      "tp": 21,
      "fp": 58,
      "fn": 72
    },
    "Located in": {
      "precision": 0.352941176467128,
      "recall": 0.39130434782183365,
      "f1": 0.3711340201160591,
      "tp": 36,
      "fp": 66,
      "fn": 56
    },
    "Live in": {
      "precision": 0.4845360824692316,
      "recall": 0.4845360824692316,
      "f1": 0.4845360819692316,
      "tp": 47,
      "fp": 50,
      "fn": 50
    },
    "Work for": {
      "precision": 0.42592592592198214,
      "recall": 0.6216216216132213,
      "f1": 0.5054945050064003,
      "tp": 46,
      "fp": 62,
      "fn": 28
    },
    "Kill": {
      "precision": 0.9210526315547092,
      "recall": 0.7446808510479855,
      "f1": 0.8235294112509344,
      "tp": 35,
      "fp": 3,
      "fn": 12
    },
    "micro-average": {
      "precision": 0.4363207547159521,
      "recall": 0.4590570719591587,
      "f1": 0.447400241337209,
      "tp": 185,
      "fp": 239,
      "fn": 218
    }
  },
  "full_match": {
    "Organization based in": {
      "precision": 0.16455696202323344,
      "recall": 0.12499999999879807,
      "f1": 0.14207650224001908,
      "tp": 13,
      "fp": 66,
      "fn": 91
    },
    "Located in": {
      "precision": 0.26470588235034603,
      "recall": 0.2872340425501358,
      "f1": 0.27551020357965433,
      "tp": 27,
      "fp": 75,
      "fn": 67
    },
    "Live in": {
      "precision": 0.37113402061473055,
      "recall": 0.3673469387717618,
      "f1": 0.36923076872699545,
      "tp": 36,
      "fp": 61,
      "fn": 62
    },
    "Work for": {
      "precision": 0.2962962962935528,
      "recall": 0.42105263157340717,
      "f1": 0.34782608646786384,
      "tp": 32,
      "fp": 76,
      "fn": 44
    },
    "Kill": {
      "precision": 0.8684210526087258,
      "recall": 0.7021276595595293,
      "f1": 0.7764705877226297,
      "tp": 33,
      "fp": 5,
      "fn": 14
    },
    "micro-average": {
      "precision": 0.33254716981053645,
      "recall": 0.3365155131256885,
      "f1": 0.3345195724529606,
      "tp": 141,
      "fp": 283,
      "fn": 278
    }
  }
}