{
  "partial_match": {
    "person": {
      "precision": 0.5986547085199109,
      "recall": 0.828163771711645,
      "f1": 0.6949505461028928,
      "tp": 1335,
      "fp": 895,
      "fn": 277
    },
    "location": {
      "precision": 0.2803234501346198,
      "recall": 0.31999999999980305,
      "f1": 0.29885057421465605,
      "tp": 520,
      "fp": 1335,
      "fn": 1105
    },
    "organization": {
      "precision": 0.33378561736761636,
      "recall": 0.7564575645751805,
      "f1": 0.46318960605209875,
      "tp": 1230,
      "fp": 2455,
      "fn": 396
    },
    "micro-average": {
      "precision": 0.39703989703984593,
      "recall": 0.6343820686817531,
      "f1": 0.4884033874785869,
      "tp": 3085,
      "fp": 4685,
      "fn": 1778
    }
  },
  "full_match": {
    "person": {
      "precision": 0.5201793721970761,
      "recall": 0.7173778602345594,
      "f1": 0.6030673247008403,
      "tp": 1160,
      "fp": 1070,
      "fn": 457
    },
    "location": {
      "precision": 0.19622641509423383,
      "recall": 0.21822541966413775,
      "f1": 0.2066420659219556,
      "tp": 364,
      "fp": 1491,
      "fn": 1304
    },
    "organization": {
      "precision": 0.2895522388058916,
      "recall": 0.6427710843369622,
      "f1": 0.3992516366155839,
      "tp": 1067,
      "fp": 2618,
      "fn": 593
    },
    "micro-average": {
      "precision": 0.33346203346199055,
      "recall": 0.523963599595445,
      "f1": 0.4075501371573348,
      "tp": 2591,
      "fp": 5179,
      "fn": 2354
    }
  }
}