{
  "partial_match": {
    "Disease": {
      "precision": 0.730932733183113,
      "recall": 0.6733471550332473,
      "f1": 0.7009592321145814,
      "tp": 2923,
      "fp": 1076,
      "fn": 1418
    },
    "Chemical": {
      "precision": 0.7209178228387191,
      "recall": 0.7714122573276034,
      "f1": 0.7453107755210312,
      "tp": 4053,
      "fp": 1569,
      "fn": 1201
    },
    "micro-average": {
      "precision": 0.7250805529569977,
      "recall": 0.7270453361124828,
      "f1": 0.7260616148204916,
      "tp": 6976,
      "fp": 2645,
      "fn": 2619
    }
  },
  "full_match": {
    "Disease": {
      "precision": 0.5181295323829662,
      "recall": 0.4683544303796409,
      "f1": 0.49198622768588834,
      "tp": 2072,
      "fp": 1927,
      "fn": 2352
    },
    "Chemical": {
      "precision": 0.6323372465313709,
      "recall": 0.6601671309190974,
      "f1": 0.645952575133802,
      "tp": 3555,
      "fp": 2067,
      "fn": 1830
    },
    "micro-average": {
      "precision": 0.584866438000147,
      "recall": 0.573656845753841,
      "f1": 0.5792074107197505,
      "tp": 5627,
      "fp": 3994,
      "fn": 4182
    }
  }
}