{
  "partial_match": {
    "Disease": {
      "precision": 0.8359173126604187,
      "recall": 0.6979503775612751,
      "f1": 0.7607289824543558,
      "tp": 647,
      "fp": 127,
      "fn": 280
    },
    "Chemical": {
      "precision": 0.7642015005350866,
      "recall": 0.6583564173585795,
      "f1": 0.7073412693433361,
      "tp": 713,
      "fp": 220,
      "fn": 370
    },
    "micro-average": {
      "precision": 0.7967193907435286,
      "recall": 0.676616915422549,
      "f1": 0.7317729346656945,
      "tp": 1360,
      "fp": 347,
      "fn": 650
    }
  },
  "full_match": {
    "Disease": {
      "precision": 0.5400516795858655,
      "recall": 0.4404636459426339,
      "f1": 0.48520023165781584,
      "tp": 418,
      "fp": 356,
      "fn": 531
    },
    "Chemical": {
      "precision": 0.6259378349403795,
      "recall": 0.5191111111106497,
      "f1": 0.5675413017389801,
      "tp": 584,
      "fp": 349,
      "fn": 541
    },
    "micro-average": {
      "precision": 0.5869947275919233,
      "recall": 0.4831243972996706,
      "f1": 0.5300185131251656,
      "tp": 1002,
      "fp": 705,
      "fn": 1072
    }
  }
}