{
  "partial_match": {
    "person": {
      "precision": 0.7086727359843275,
      "recall": 0.9157894736836435,
      "f1": 0.7990275521819266,
      "tp": 1479,
      "fp": 608,
      "fn": 136
    },
    "location": {
      "precision": 0.6163484486869831,
      "recall": 0.6268203883491342,
      "f1": 0.6215403123757145,
      "tp": 1033,
      "fp": 643,
      "fn": 615
    },
    "organization": {
      "precision": 0.4871550903898729,
      "recall": 0.6289926289922426,
      "f1": 0.5490616617061714,
      "tp": 1024,
      "fp": 1078,
      "fn": 604
    },
    "micro-average": {
      "precision": 0.6028985507245348,
      "recall": 0.722960539766771,
      "f1": 0.6574934915084402,
      "tp": 3536,
      "fp": 2329,
      "fn": 1355
    }
  },
  "full_match": {
    "person": {
      "precision": 0.6693818878770151,
      "recall": 0.8639455782307582,
      "f1": 0.754319653935289,
      "tp": 1397,
      "fp": 690,
      "fn": 220
    },
    "location": {
      "precision": 0.5501193317419152,
      "recall": 0.5527577937646566,
      "f1": 0.5514354061982376,
      "tp": 922,
      "fp": 754,
      "fn": 746
    },
    "organization": {
      "precision": 0.4234062797333856,
      "recall": 0.53614457831293,
      "f1": 0.4731525779223868,
      "tp": 890,
      "fp": 1212,
      "fn": 770
    },
    "micro-average": {
      "precision": 0.5471440750212195,
      "recall": 0.6489383215367747,
      "f1": 0.5937095277181278,
      "tp": 3209,
      "fp": 2656,
      "fn": 1736
    }
  }
}