{
  "partial_match": {
    "person": {
      "precision": 0.7868194842402367,
      "recall": 0.8549190535486582,
      "f1": 0.8194568780440894,
      "tp": 1373,
      "fp": 372,
      "fn": 233
    },
    "location": {
      "precision": 0.5926589077884545,
      "recall": 0.8024242424237561,
      "f1": 0.6817713692328892,
      "tp": 1324,
      "fp": 910,
      "fn": 326
    },
    "organization": {
      "precision": 0.5383129426912181,
      "recall": 0.5091352009741114,
      "f1": 0.5233176833811245,
      "tp": 836,
      "fp": 717,
      "fn": 806
    },
    "micro-average": {
      "precision": 0.6386478669557775,
      "recall": 0.7213148223763328,
      "f1": 0.6774688393866646,
      "tp": 3533,
      "fp": 1999,
      "fn": 1365
    }
  },
  "full_match": {
    "person": {
      "precision": 0.7541547277932641,
      "recall": 0.8189172370872315,
      "f1": 0.7852028634621927,
      "tp": 1316,
      "fp": 429,
      "fn": 291
    },
    "location": {
      "precision": 0.5604297224706534,
      "recall": 0.7533092659441918,
      "f1": 0.6427104717897085,
      "tp": 1252,
      "fp": 982,
      "fn": 410
    },
    "organization": {
      "precision": 0.4990341274948493,
      "recall": 0.467995169081843,
      "f1": 0.4830165155488274,
      "tp": 775,
      "fp": 778,
      "fn": 881
    },
    "micro-average": {
      "precision": 0.6043022415038676,
      "recall": 0.678781725888187,
      "f1": 0.6393803189048329,
      "tp": 3343,
      "fp": 2189,
      "fn": 1582
    }
  }
}