{
  "partial_match": {
    "Disease": {
      "precision": 0.6862690707348997,
      "recall": 0.5699147661827758,
      "f1": 0.6227032464208205,
      "tp": 2474,
      "fp": 1131,
      "fn": 1867
    },
    "Chemical": {
      "precision": 0.5980160604628251,
      "recall": 0.7195907540733762,
      "f1": 0.6531945992117719,
      "tp": 3798,
      "fp": 2553,
      "fn": 1480
    },
    "micro-average": {
      "precision": 0.629971876255461,
      "recall": 0.6520428318951396,
      "f1": 0.6408173685933138,
      "tp": 6272,
      "fp": 3684,
      "fn": 3347
    }
  },
  "full_match": {
    "Disease": {
      "precision": 0.48099861303731456,
      "recall": 0.391952983725047,
      "f1": 0.4319342378909462,
      "tp": 1734,
      "fp": 1871,
      "fn": 2690
    },
    "Chemical": {
      "precision": 0.5312549204848793,
      "recall": 0.6265552460537369,
      "f1": 0.5749829579218307,
      "tp": 3374,
      "fp": 2977,
      "fn": 2011
    },
    "micro-average": {
      "precision": 0.5130574527922345,
      "recall": 0.5207462534406646,
      "f1": 0.5168732603145465,
      "tp": 5108,
      "fp": 4848,
      "fn": 4701
    }
  }
}