{
  "partial_match": {
    "Disease": {
      "precision": 0.6062386980107128,
      "recall": 0.6198289808179754,
      "f1": 0.6129585185263181,
      "tp": 2682,
      "fp": 1742,
      "fn": 1645
    },
    "Chemical": {
      "precision": 0.5594989561585908,
      "recall": 0.8122750520930455,
      "f1": 0.6625975425903511,
      "tp": 4288,
      "fp": 3376,
      "fn": 991
    },
    "micro-average": {
      "precision": 0.5766048974188801,
      "recall": 0.725588174057805,
      "f1": 0.6425739830964182,
      "tp": 6970,
      "fp": 5118,
      "fn": 2636
    }
  },
  "full_match": {
    "Disease": {
      "precision": 0.391952983725047,
      "recall": 0.391952983725047,
      "f1": 0.391952983225047,
      "tp": 1734,
      "fp": 2690,
      "fn": 2690
    },
    "Chemical": {
      "precision": 0.5003914405009785,
      "recall": 0.7121634168986606,
      "f1": 0.5877845040748974,
      "tp": 3835,
      "fp": 3829,
      "fn": 1550
    },
    "micro-average": {
      "precision": 0.46070483123755285,
      "recall": 0.5677439086552586,
      "f1": 0.5086541530423838,
      "tp": 5569,
      "fp": 6519,
      "fn": 4240
    }
  }
}