{
  "partial_match": {
    "Disease": {
      "precision": 0.8707782672527595,
      "recall": 0.6369495166480806,
      "f1": 0.7357320094366714,
      "tp": 593,
      "fp": 88,
      "fn": 338
    },
    "Chemical": {
      "precision": 0.7370929308969523,
      "recall": 0.8584643848280681,
      "f1": 0.7931623926646084,
      "tp": 928,
      "fp": 331,
      "fn": 153
    },
    "micro-average": {
      "precision": 0.7840206185562969,
      "recall": 0.7559642147113539,
      "f1": 0.7697368416050394,
      "tp": 1521,
      "fp": 419,
      "fn": 491
    }
  },
  "full_match": {
    "Disease": {
      "precision": 0.6093979441988114,
      "recall": 0.43730242360333266,
      "f1": 0.5092024535006217,
      "tp": 415,
      "fp": 266,
      "fn": 534
    },
    "Chemical": {
      "precision": 0.6425734710082267,
      "recall": 0.7191111111104719,
      "f1": 0.6786912746687955,
      "tp": 809,
      "fp": 450,
      "fn": 316
    },
    "micro-average": {
      "precision": 0.6309278350512212,
      "recall": 0.590163934425945,
      "f1": 0.6098654703522712,
      "tp": 1224,
      "fp": 716,
      "fn": 850
    }
  }
}