{
  "partial_match": {
    "person": {
      "precision": 0.5934113567400983,
      "recall": 0.8482032218086443,
      "f1": 0.698291251746836,
      "tp": 1369,
      "fp": 938,
      "fn": 245
    },
    "location": {
      "precision": 0.4620622568091138,
      "recall": 0.5789152955511402,
      "f1": 0.5139302131927953,
      "tp": 950,
      "fp": 1106,
      "fn": 691
    },
    "organization": {
      "precision": 0.42663043478241547,
      "recall": 0.5779141104290934,
      "f1": 0.490880666525154,
      "tp": 942,
      "fp": 1266,
      "fn": 688
    },
    "micro-average": {
      "precision": 0.4962714959670527,
      "recall": 0.6675537359261683,
      "f1": 0.5693086587286074,
      "tp": 3261,
      "fp": 3310,
      "fn": 1624
    }
  },
  "full_match": {
    "person": {
      "precision": 0.5400953619416818,
      "recall": 0.770562770562294,
      "f1": 0.6350662584346063,
      "tp": 1246,
      "fp": 1061,
      "fn": 371
    },
    "location": {
      "precision": 0.4027237354083644,
      "recall": 0.49640287769754415,
      "f1": 0.44468313591764863,
      "tp": 828,
      "fp": 1228,
      "fn": 840
    },
    "organization": {
      "precision": 0.35507246376795515,
      "recall": 0.4722891566262215,
      "f1": 0.40537745555946436,
      "tp": 784,
      "fp": 1424,
      "fn": 876
    },
    "micro-average": {
      "precision": 0.43494140922227437,
      "recall": 0.5779575328613593,
      "f1": 0.4963528998224903,
      "tp": 2858,
      "fp": 3713,
      "fn": 2087
    }
  }
}