{
  "partial_match": {
    "CN": {
      "precision": 0.7456687456682289,
      "recall": 0.5087470449170172,
      "f1": 0.6048341760211497,
      "tp": 1076,
      "fp": 367,
      "fn": 1039
    },
    "PN": {
      "precision": 0.3499413833526671,
      "recall": 0.353672985781781,
      "f1": 0.35179728883392586,
      "tp": 597,
      "fp": 1109,
      "fn": 1091
    },
    "PV": {
      "precision": 0.23385579937289414,
      "recall": 0.4176931690924774,
      "f1": 0.29983922783538447,
      "tp": 373,
      "fp": 1222,
      "fn": 520
    },
    "micro-average": {
      "precision": 0.43128161888692423,
      "recall": 0.4356899488925818,
      "f1": 0.43347457577110754,
      "tp": 2046,
      "fp": 2698,
      "fn": 2650
    }
  },
  "full_match": {
    "CN": {
      "precision": 0.4483714483711376,
      "recall": 0.3106096975514591,
      "f1": 0.36698808800180055,
      "tp": 647,
      "fp": 796,
      "fn": 1436
    },
    "PN": {
      "precision": 0.14771395076192984,
      "recall": 0.14070351758786115,
      "f1": 0.14412353395831992,
      "tp": 252,
      "fp": 1454,
      "fn": 1539
    },
    "PV": {
      "precision": 0.05266457680247482,
      "recall": 0.09081081081071264,
      "f1": 0.06666666620195799,
      "tp": 84,
      "fp": 1511,
      "fn": 841
    },
    "micro-average": {
      "precision": 0.20720910623941668,
      "recall": 0.20483434048755889,
      "f1": 0.20601487951673964,
      "tp": 983,
      "fp": 3761,
      "fn": 3816
    }
  }
}