{
  "partial_match": {
    "CN": {
      "precision": 0.8595348837201306,
      "recall": 0.45095168374794975,
      "f1": 0.5915492953228725,
      "tp": 924,
      "fp": 151,
      "fn": 1125
    },
    "PN": {
      "precision": 0.44206773618498924,
      "recall": 0.2955899880808727,
      "f1": 0.35428571380517654,
      "tp": 496,
      "fp": 626,
      "fn": 1182
    },
    "PV": {
      "precision": 0.38983050847292444,
      "recall": 0.10032715376215887,
      "f1": 0.15958369438360054,
      "tp": 92,
      "fp": 144,
      "fn": 825
    },
    "micro-average": {
      "precision": 0.6214549938345164,
      "recall": 0.32558139534876707,
      "f1": 0.42729970281277746,
      "tp": 1512,
      "fp": 921,
      "fn": 3132
    }
  },
  "full_match": {
    "CN": {
      "precision": 0.540465116278567,
      "recall": 0.27865707434039394,
      "f1": 0.3677215185381876,
      "tp": 581,
      "fp": 494,
      "fn": 1504
    },
    "PN": {
      "precision": 0.16042780748648802,
      "recall": 0.10050251256275795,
      "f1": 0.12358393361485549,
      "tp": 180,
      "fp": 942,
      "fn": 1611
    },
    "PV": {
      "precision": 0.016949152542301064,
      "recall": 0.0043149946062520875,
      "f1": 0.006878761499368994,
      "tp": 4,
      "fp": 232,
      "fn": 923
    },
    "micro-average": {
      "precision": 0.3144266337853208,
      "recall": 0.15927545284194058,
      "f1": 0.21144278562323088,
      "tp": 765,
      "fp": 1668,
      "fn": 4038
    }
  }
}