{
  "partial_match": {
    "Disease": {
      "precision": 0.6774969915755987,
      "recall": 0.6200440528627532,
      "f1": 0.647498561892415,
      "tp": 563,
      "fp": 268,
      "fn": 345
    },
    "micro-average": {
      "precision": 0.6774969915755987,
      "recall": 0.6200440528627532,
      "f1": 0.647498561892415,
      "tp": 563,
      "fp": 268,
      "fn": 345
    }
  },
  "full_match": {
    "Disease": {
      "precision": 0.48856799037245663,
      "recall": 0.42424242424198094,
      "f1": 0.45413870196282513,
      "tp": 406,
      "fp": 425,
      "fn": 551
    },
    "micro-average": {
      "precision": 0.48856799037245663,
      "recall": 0.42424242424198094,
      "f1": 0.45413870196282513,
      "tp": 406,
      "fp": 425,
      "fn": 551
    }
  }
}