{
  "partial_match": {
    "nationality": {
      "precision": 0.0837438423641195,
      "recall": 0.7391304347504726,
      "f1": 0.15044247769194927,
      "tp": 17,
      "fp": 186,
      "fn": 6
    },
    "place of death": {
      "precision": 0.04651162790589508,
      "recall": 0.9999999995,
      "f1": 0.08888888880000001,
      "tp": 2,
      "fp": 41,
      "fn": 0
    },
    "children": {
      "precision": 0.005128205128191979,
      "recall": 0.9999999995,
      "f1": 0.01020408162244898,
      "tp": 2,
      "fp": 388,
      "fn": 0
    },
    "location contains": {
      "precision": 0.2908653846146854,
      "recall": 0.746913580242303,
      "f1": 0.4186851207023743,
      "tp": 121,
      "fp": 295,
      "fn": 41
    },
    "place of birth": {
      "precision": 0.0,
      "recall": 0.0,
      "f1": 0.0,
      "tp": 0,
      "fp": 249,
      "fn": 1
    },
    "place lived": {
      "precision": 0.06701940035261549,
      "recall": 0.9499999999762501,
      "f1": 0.12520593068372557,
      "tp": 38,
      "fp": 529,
      "fn": 2
    },
    "company": {
      "precision": 0.21367521367338738,
      "recall": 0.6578947368247923,
      "f1": 0.32258064478701354,
      "tp": 25,
      "fp": 92,
      "fn": 13
    },
    "micro-average": {
      "precision": 0.10327455919390263,
      "recall": 0.7649253731314742,
      "f1": 0.18197958256875038,
      "tp": 205,
      "fp": 1780,
      "fn": 63
    }
  },
  "full_match": {
    "nationality": {
      "precision": 0.07881773398975953,
      "recall": 0.6956521738827978,
      "f1": 0.14159292016990369,
      "tp": 16,
      "fp": 187,
      "fn": 7
    },
    "place of death": {
      "precision": 0.0,
      "recall": 0.0,
      "f1": 0.0,
      "tp": 0,
      "fp": 43,
      "fn": 2
    },
    "children": {
      "precision": 0.005128205128191979,
      "recall": 0.9999999995,
      "f1": 0.01020408162244898,
      "tp": 2,
      "fp": 388,
      "fn": 0
    },
    "location contains": {
      "precision": 0.2548076923070798,
      "recall": 0.6583850931636126,
      "f1": 0.36741767723936336,
      "tp": 106,
      "fp": 310,
      "fn": 55
    },
    "place of birth": {
      "precision": 0.0,
      "recall": 0.0,
      "f1": 0.0,
      "tp": 0,
      "fp": 249,
      "fn": 1
    },
    "place lived": {
      "precision": 0.04056437389763569,
      "recall": 0.5897435897284682,
      "f1": 0.07590759063839601,
      "tp": 23,
      "fp": 544,
      "fn": 16
    },
    "company": {
      "precision": 0.20512820512645188,
      "recall": 0.6486486486311177,
      "f1": 0.31168831131919383,
      "tp": 24,
      "fp": 93,
      "fn": 13
    },
    "micro-average": {
      "precision": 0.08614609571784074,
      "recall": 0.6452830188654896,
      "f1": 0.15199999979205256,
      "tp": 171,
      "fp": 1814,
      "fn": 94
    }
  }
}