{
  "partial_match": {
    "CN": {
      "precision": 0.8825910931156223,
      "recall": 0.20851267336192802,
      "f1": 0.33733075404260526,
      "tp": 436,
      "fp": 58,
      "fn": 1655
    },
    "PN": {
      "precision": 0.09012875536471017,
      "recall": 0.047006155567964746,
      "f1": 0.061787421395662186,
      "tp": 84,
      "fp": 848,
      "fn": 1703
    },
    "PV": {
      "precision": 0.27734374999891664,
      "recall": 0.07667386609062994,
      "f1": 0.1201353634506343,
      "tp": 71,
      "fp": 185,
      "fn": 855
    },
    "micro-average": {
      "precision": 0.35136741973819774,
      "recall": 0.12302248126558638,
      "f1": 0.18223866751588252,
      "tp": 591,
      "fp": 1091,
      "fn": 4213
    }
  },
  "full_match": {
    "CN": {
      "precision": 0.6943319838042625,
      "recall": 0.1645083932852928,
      "f1": 0.2659945712294364,
      "tp": 343,
      "fp": 151,
      "fn": 1742
    },
    "PN": {
      "precision": 0.0654506437767538,
      "recall": 0.03405918481293464,
      "f1": 0.044803525073044755,
      "tp": 61,
      "fp": 871,
      "fn": 1730
    },
    "PV": {
      "precision": 0.17578124999931335,
      "recall": 0.04854368932033598,
      "f1": 0.07607776804619115,
      "tp": 45,
      "fp": 211,
      "fn": 882
    },
    "micro-average": {
      "precision": 0.26694411414966296,
      "recall": 0.09348323964187101,
      "f1": 0.13847339976996703,
      "tp": 449,
      "fp": 1233,
      "fn": 4354
    }
  }
}