{
  "partial_match": {
    "CN": {
      "precision": 0.6102514506763924,
      "recall": 0.2986275437764796,
      "f1": 0.40101684099481233,
      "tp": 631,
      "fp": 403,
      "fn": 1482
    },
    "PN": {
      "precision": 0.24392935982326494,
      "recall": 0.24887387387373375,
      "f1": 0.2463768110941159,
      "tp": 442,
      "fp": 1370,
      "fn": 1334
    },
    "PV": {
      "precision": 0.1588390501318423,
      "recall": 0.3314977973564631,
      "f1": 0.21476988896605173,
      "tp": 301,
      "fp": 1594,
      "fn": 607
    },
    "micro-average": {
      "precision": 0.28981227589110103,
      "recall": 0.28642901813627547,
      "f1": 0.2881107145345553,
      "tp": 1374,
      "fp": 3367,
      "fn": 3423
    }
  },
  "full_match": {
    "CN": {
      "precision": 0.38297872340388495,
      "recall": 0.19011041766673542,
      "f1": 0.2540904711637818,
      "tp": 396,
      "fp": 638,
      "fn": 1687
    },
    "PN": {
      "precision": 0.15894039735090568,
      "recall": 0.16080402010041273,
      "f1": 0.1598667771851905,
      "tp": 288,
      "fp": 1524,
      "fn": 1503
    },
    "PV": {
      "precision": 0.11081794195244812,
      "recall": 0.2270270270267816,
      "f1": 0.14893616977181856,
      "tp": 210,
      "fp": 1685,
      "fn": 715
    },
    "micro-average": {
      "precision": 0.1885678126977033,
      "recall": 0.18628881016874632,
      "f1": 0.18742138314777793,
      "tp": 894,
      "fp": 3847,
      "fn": 3905
    }
  }
}