{
  "partial_match": {
    "CN": {
      "precision": 0.7812121212116477,
      "recall": 0.6091682419656856,
      "f1": 0.6845459368413335,
      "tp": 1289,
      "fp": 361,
      "fn": 827
    },
    "PN": {
      "precision": 0.35303430079137044,
      "recall": 0.3882762623329145,
      "f1": 0.36981757827372824,
      "tp": 669,
      "fp": 1226,
      "fn": 1054
    },
    "PV": {
      "precision": 0.7588996763741765,
      "recall": 0.517660044149539,
      "f1": 0.6154855638215103,
      "tp": 469,
      "fp": 149,
      "fn": 437
    },
    "micro-average": {
      "precision": 0.5829930338696653,
      "recall": 0.5114857744993653,
      "f1": 0.5449034570682445,
      "tp": 2427,
      "fp": 1736,
      "fn": 2318
    }
  },
  "full_match": {
    "CN": {
      "precision": 0.5327272727269499,
      "recall": 0.42158273381274747,
      "f1": 0.47068273043022496,
      "tp": 879,
      "fp": 771,
      "fn": 1206
    },
    "PN": {
      "precision": 0.25013192612124,
      "recall": 0.2646566164152626,
      "f1": 0.25718936466574954,
      "tp": 474,
      "fp": 1421,
      "fn": 1317
    },
    "PV": {
      "precision": 0.5841423948210612,
      "recall": 0.3894282632142509,
      "f1": 0.4673139153770003,
      "tp": 361,
      "fp": 257,
      "fn": 566
    },
    "micro-average": {
      "precision": 0.41172231563766226,
      "recall": 0.35686029564847865,
      "f1": 0.382333258480825,
      "tp": 1714,
      "fp": 2449,
      "fn": 3089
    }
  }
}