{
  "partial_match": {
    "Disease": {
      "precision": 0.8592592592571376,
      "recall": 0.37339055793951353,
      "f1": 0.5205684363757079,
      "tp": 348,
      "fp": 57,
      "fn": 584
    },
    "Chemical": {
      "precision": 0.776915615906133,
      "recall": 0.7308394160577274,
      "f1": 0.7531734832797305,
      "tp": 801,
      "fp": 230,
      "fn": 295
    },
    "micro-average": {
      "precision": 0.8001392757654595,
      "recall": 0.5665680473369987,
      "f1": 0.6633949186828118,
      "tp": 1149,
      "fp": 287,
      "fn": 879
    }
  },
  "full_match": {
    "Disease": {
      "precision": 0.6444444444428532,
      "recall": 0.2750263435192044,
      "f1": 0.3855243718105695,
      "tp": 261,
      "fp": 144,
      "fn": 688
    },
    "Chemical": {
      "precision": 0.6905916585832294,
      "recall": 0.6328888888883263,
      "f1": 0.6604823742684267,
      "tp": 712,
      "fp": 319,
      "fn": 413
    },
    "micro-average": {
      "precision": 0.6775766016708373,
      "recall": 0.4691417550624546,
      "f1": 0.5544159539321579,
      "tp": 973,
      "fp": 463,
      "fn": 1101
    }
  }
}