{
  "partial_match": {
    "CN": {
      "precision": 0.9057377049143208,
      "recall": 0.10645472061651905,
      "f1": 0.19051724119092373,
      "tp": 221,
      "fp": 23,
      "fn": 1855
    },
    "PN": {
      "precision": 0.5076923076884025,
      "recall": 0.03703703703701625,
      "f1": 0.06903765677695595,
      "tp": 66,
      "fp": 64,
      "fn": 1716
    },
    "PV": {
      "precision": 0.6385542168597764,
      "recall": 0.05792349726769626,
      "f1": 0.10621242469698715,
      "tp": 53,
      "fp": 30,
      "fn": 862
    },
    "micro-average": {
      "precision": 0.7439824945279125,
      "recall": 0.07123402472238188,
      "f1": 0.130019120299351,
      "tp": 340,
      "fp": 117,
      "fn": 4433
    }
  },
  "full_match": {
    "CN": {
      "precision": 0.6680327868825081,
      "recall": 0.07817745803353565,
      "f1": 0.13997423768263026,
      "tp": 163,
      "fp": 81,
      "fn": 1922
    },
    "PN": {
      "precision": 0.3999999999969231,
      "recall": 0.02903405918479674,
      "f1": 0.054138469420867634,
      "tp": 52,
      "fp": 78,
      "fn": 1739
    },
    "PV": {
      "precision": 0.37349397589911454,
      "recall": 0.03344120819845368,
      "f1": 0.06138613846288991,
      "tp": 31,
      "fp": 52,
      "fn": 896
    },
    "micro-average": {
      "precision": 0.5382932166290191,
      "recall": 0.05121798875701619,
      "f1": 0.09353612151430099,
      "tp": 246,
      "fp": 211,
      "fn": 4557
    }
  }
}