{
  "partial_match": {
    "Disease": {
      "precision": 0.8594377510022903,
      "recall": 0.45628997867755194,
      "f1": 0.5961002780976443,
      "tp": 428,
      "fp": 70,
      "fn": 510
    },
    "Chemical": {
      "precision": 0.8021978021967003,
      "recall": 0.5304268846498361,
      "f1": 0.6386003275682104,
      "tp": 584,
      "fp": 144,
      "fn": 517
    },
    "micro-average": {
      "precision": 0.8254486133761619,
      "recall": 0.49632172633619603,
      "f1": 0.619908115916533,
      "tp": 1012,
      "fp": 214,
      "fn": 1027
    }
  },
  "full_match": {
    "Disease": {
      "precision": 0.6506024096372478,
      "recall": 0.34213305174198294,
      "f1": 0.4484429061220493,
      "tp": 324,
      "fp": 174,
      "fn": 623
    },
    "Chemical": {
      "precision": 0.6991758241748638,
      "recall": 0.4540588760031632,
      "f1": 0.5505678740487638,
      "tp": 509,
      "fp": 219,
      "fn": 612
    },
    "micro-average": {
      "precision": 0.6794453507335404,
      "recall": 0.40280464216614953,
      "f1": 0.505768062677475,
      "tp": 833,
      "fp": 393,
      "fn": 1235
    }
  }
}