{
  "partial_match": {
    "nationality": {
      "precision": 0.09604519773957038,
      "recall": 0.7391304347504726,
      "f1": 0.16999999979475003,
      "tp": 17,
      "fp": 160,
      "fn": 6
    },
    "place of death": {
      "precision": 0.04444444444345679,
      "recall": 0.9999999995,
      "f1": 0.08510638289361701,
      "tp": 2,
      "fp": 43,
      "fn": 0
    },
    "children": {
      "precision": 0.008849557522084738,
      "recall": 0.9999999995,
      "f1": 0.017543859631578944,
      "tp": 2,
      "fp": 224,
      "fn": 0
    },
    "location contains": {
      "precision": 0.2511210762326208,
      "recall": 0.6956521739087227,
      "f1": 0.3690280061987955,
      "tp": 112,
      "fp": 334,
      "fn": 49
    },
    "place of birth": {
      "precision": 0.0,
      "recall": 0.0,
      "f1": 0.0,
      "tp": 0,
      "fp": 198,
      "fn": 1
    },
    "place lived": {
      "precision": 0.07494646680926136,
      "recall": 0.8974358974128863,
      "f1": 0.13833992080580074,
      "tp": 35,
      "fp": 432,
      "fn": 4
    },
    "company": {
      "precision": 0.17808219177838241,
      "recall": 0.3513513513418554,
      "f1": 0.23636363591289256,
      "tp": 13,
      "fp": 60,
      "fn": 24
    },
    "micro-average": {
      "precision": 0.11090686274503009,
      "recall": 0.6830188679219509,
      "f1": 0.1908276223213792,
      "tp": 181,
      "fp": 1451,
      "fn": 84
    }
  },
  "full_match": {
    "nationality": {
      "precision": 0.090395480225478,
      "recall": 0.6956521738827978,
      "f1": 0.15999999979485002,
      "tp": 16,
      "fp": 161,
      "fn": 7
    },
    "place of death": {
      "precision": 0.0,
      "recall": 0.0,
      "f1": 0.0,
      "tp": 0,
      "fp": 45,
      "fn": 2
    },
    "children": {
      "precision": 0.008849557522084738,
      "recall": 0.9999999995,
      "f1": 0.017543859631578944,
      "tp": 2,
      "fp": 224,
      "fn": 0
    },
    "location contains": {
      "precision": 0.22421524663626857,
      "recall": 0.6211180124185024,
      "f1": 0.329489291207163,
      "tp": 100,
      "fp": 346,
      "fn": 61
    },
    "place of birth": {
      "precision": 0.0,
      "recall": 0.0,
      "f1": 0.0,
      "tp": 0,
      "fp": 198,
      "fn": 1
    },
    "place lived": {
      "precision": 0.03854389721619156,
      "recall": 0.46153846152662725,
      "f1": 0.07114624491673828,
      "tp": 18,
      "fp": 449,
      "fn": 21
    },
    "company": {
      "precision": 0.16438356164158377,
      "recall": 0.32432432431555885,
      "f1": 0.21818181773140494,
      "tp": 12,
      "fp": 61,
      "fn": 25
    },
    "micro-average": {
      "precision": 0.09068627450974835,
      "recall": 0.5584905660356284,
      "f1": 0.1560358458322224,
      "tp": 148,
      "fp": 1484,
      "fn": 117
    }
  }
}