{
  "partial_match": {
    "Disease": {
      "precision": 0.5480880648892837,
      "recall": 0.5209251101315849,
      "f1": 0.5341614901829493,
      "tp": 473,
      "fp": 390,
      "fn": 435
    },
    "micro-average": {
      "precision": 0.5480880648892837,
      "recall": 0.5209251101315849,
      "f1": 0.5341614901829493,
      "tp": 473,
      "fp": 390,
      "fn": 435
    }
  },
  "full_match": {
    "Disease": {
      "precision": 0.31633835457669024,
      "recall": 0.2852664576799527,
      "f1": 0.29999999950100414,
      "tp": 273,
      "fp": 590,
      "fn": 684
    },
    "micro-average": {
      "precision": 0.31633835457669024,
      "recall": 0.2852664576799527,
      "f1": 0.29999999950100414,
      "tp": 273,
      "fp": 590,
      "fn": 684
    }
  }
}