{
  "partial_match": {
    "Disease": {
      "precision": 0.845794392522047,
      "recall": 0.5876623376617016,
      "f1": 0.6934865895536422,
      "tp": 543,
      "fp": 99,
      "fn": 381
    },
    "micro-average": {
      "precision": 0.845794392522047,
      "recall": 0.5876623376617016,
      "f1": 0.6934865895536422,
      "tp": 543,
      "fp": 99,
      "fn": 381
    }
  },
  "full_match": {
    "Disease": {
      "precision": 0.6277258566968416,
      "recall": 0.42198952879536966,
      "f1": 0.5046963050915237,
      "tp": 403,
      "fp": 239,
      "fn": 552
    },
    "micro-average": {
      "precision": 0.6277258566968416,
      "recall": 0.42198952879536966,
      "f1": 0.5046963050915237,
      "tp": 403,
      "fp": 239,
      "fn": 552
    }
  }
}