{
  "partial_match": {
    "Disease": {
      "precision": 0.46698872785791706,
      "recall": 0.6415929203532725,
      "f1": 0.5405405400524402,
      "tp": 580,
      "fp": 662,
      "fn": 324
    },
    "micro-average": {
      "precision": 0.46698872785791706,
      "recall": 0.6415929203532725,
      "f1": 0.5405405400524402,
      "tp": 580,
      "fp": 662,
      "fn": 324
    }
  },
  "full_match": {
    "Disease": {
      "precision": 0.30756843800297295,
      "recall": 0.399164054336051,
      "f1": 0.3474306498036716,
      "tp": 382,
      "fp": 860,
      "fn": 575
    },
    "micro-average": {
      "precision": 0.30756843800297295,
      "recall": 0.399164054336051,
      "f1": 0.3474306498036716,
      "tp": 382,
      "fp": 860,
      "fn": 575
    }
  }
}