{
  "partial_match": {
    "CN": {
      "precision": 0.8729773462776109,
      "recall": 0.5118595825424517,
      "f1": 0.6453349277632784,
      "tp": 1079,
      "fp": 157,
      "fn": 1029
    },
    "PN": {
      "precision": 0.4986486486479748,
      "recall": 0.21718658034124946,
      "f1": 0.30258302540731097,
      "tp": 369,
      "fp": 371,
      "fn": 1330
    },
    "PV": {
      "precision": 0.6444444444301235,
      "recall": 0.03141928494037766,
      "f1": 0.05991735528312402,
      "tp": 29,
      "fp": 16,
      "fn": 894
    },
    "micro-average": {
      "precision": 0.7308263236018155,
      "recall": 0.31226215644813693,
      "f1": 0.43756480479442306,
      "tp": 1477,
      "fp": 544,
      "fn": 3253
    }
  },
  "full_match": {
    "CN": {
      "precision": 0.5404530744332197,
      "recall": 0.32038369304540987,
      "f1": 0.40228846686155284,
      "tp": 668,
      "fp": 568,
      "fn": 1417
    },
    "PN": {
      "precision": 0.16486486486464208,
      "recall": 0.06811836962586929,
      "f1": 0.0964045827548485,
      "tp": 122,
      "fp": 618,
      "fn": 1669
    },
    "PV": {
      "precision": 0.0,
      "recall": 0.0,
      "f1": 0.0,
      "tp": 0,
      "fp": 45,
      "fn": 927
    },
    "micro-average": {
      "precision": 0.390895596239292,
      "recall": 0.16448053300017396,
      "f1": 0.23153575573778112,
      "tp": 790,
      "fp": 1231,
      "fn": 4013
    }
  }
}