{
  "partial_match": {
    "person": {
      "precision": 0.8372243839164479,
      "recall": 0.8003719776808429,
      "f1": 0.818383517724774,
      "tp": 1291,
      "fp": 251,
      "fn": 322
    },
    "location": {
      "precision": 0.5902313624675629,
      "recall": 0.7025703794365346,
      "f1": 0.6415199771508044,
      "tp": 1148,
      "fp": 797,
      "fn": 486
    },
    "organization": {
      "precision": 0.5709852598909457,
      "recall": 0.4490543014030207,
      "f1": 0.5027322399439593,
      "tp": 736,
      "fp": 553,
      "fn": 903
    },
    "micro-average": {
      "precision": 0.6647822445559747,
      "recall": 0.6498158002454666,
      "f1": 0.6572138268648634,
      "tp": 3175,
      "fp": 1601,
      "fn": 1711
    }
  },
  "full_match": {
    "person": {
      "precision": 0.8138780804145176,
      "recall": 0.7766089108906086,
      "f1": 0.7948068392717786,
      "tp": 1255,
      "fp": 287,
      "fn": 361
    },
    "location": {
      "precision": 0.5326478149097519,
      "recall": 0.6218487394954251,
      "f1": 0.5738022703417698,
      "tp": 1036,
      "fp": 909,
      "fn": 630
    },
    "organization": {
      "precision": 0.5143522110158927,
      "recall": 0.3993975903612052,
      "f1": 0.44964394660832063,
      "tp": 663,
      "fp": 626,
      "fn": 997
    },
    "micro-average": {
      "precision": 0.6185092127301887,
      "recall": 0.5977337110480376,
      "f1": 0.6079440209036018,
      "tp": 2954,
      "fp": 1822,
      "fn": 1988
    }
  }
}