{
  "partial_match": {
    "Disease": {
      "precision": 0.6734463276828548,
      "recall": 0.6614872364032613,
      "f1": 0.667413213385071,
      "tp": 596,
      "fp": 289,
      "fn": 305
    },
    "micro-average": {
      "precision": 0.6734463276828548,
      "recall": 0.6614872364032613,
      "f1": 0.667413213385071,
      "tp": 596,
      "fp": 289,
      "fn": 305
    }
  },
  "full_match": {
    "Disease": {
      "precision": 0.4666666666661394,
      "recall": 0.43155694879787715,
      "f1": 0.4484256238216669,
      "tp": 413,
      "fp": 472,
      "fn": 544
    },
    "micro-average": {
      "precision": 0.4666666666661394,
      "recall": 0.43155694879787715,
      "f1": 0.4484256238216669,
      "tp": 413,
      "fp": 472,
      "fn": 544
    }
  }
}