{
  "partial_match": {
    "Disease": {
      "precision": 0.7226397369655418,
      "recall": 0.7075189698779701,
      "f1": 0.7149994185773848,
      "tp": 3077,
      "fp": 1181,
      "fn": 1272
    },
    "Chemical": {
      "precision": 0.7048658481126716,
      "recall": 0.8752117447767974,
      "f1": 0.7808564226794836,
      "tp": 4650,
      "fp": 1947,
      "fn": 663
    },
    "micro-average": {
      "precision": 0.7118378627360007,
      "recall": 0.7997309045745394,
      "f1": 0.7532290290868391,
      "tp": 7727,
      "fp": 3128,
      "fn": 1935
    }
  },
  "full_match": {
    "Disease": {
      "precision": 0.5504931892906175,
      "recall": 0.5298372513561189,
      "f1": 0.5399677488665637,
      "tp": 2344,
      "fp": 1914,
      "fn": 2080
    },
    "Chemical": {
      "precision": 0.645293315143149,
      "recall": 0.7905292479107167,
      "f1": 0.7105658482781569,
      "tp": 4257,
      "fp": 2340,
      "fn": 1128
    },
    "micro-average": {
      "precision": 0.6081068631966275,
      "recall": 0.6729534101334822,
      "f1": 0.6388888883901082,
      "tp": 6601,
      "fp": 4254,
      "fn": 3208
    }
  }
}