{
  "partial_match": {
    "CN": {
      "precision": 0.7226123595500543,
      "recall": 0.4810659186533515,
      "f1": 0.5776031429382782,
      "tp": 1029,
      "fp": 395,
      "fn": 1110
    },
    "PN": {
      "precision": 0.4416058394157898,
      "recall": 0.40536013400312376,
      "f1": 0.42270742308145565,
      "tp": 726,
      "fp": 918,
      "fn": 1065
    },
    "PV": {
      "precision": 0.21769041769031072,
      "recall": 0.48681318681265184,
      "f1": 0.30084889600739395,
      "tp": 443,
      "fp": 1592,
      "fn": 467
    },
    "micro-average": {
      "precision": 0.43072702331953144,
      "recall": 0.4541322314048648,
      "f1": 0.44212008398180563,
      "tp": 2198,
      "fp": 2905,
      "fn": 2642
    }
  },
  "full_match": {
    "CN": {
      "precision": 0.5035112359547026,
      "recall": 0.34421507441174065,
      "f1": 0.40889649224624997,
      "tp": 717,
      "fp": 707,
      "fn": 1366
    },
    "PN": {
      "precision": 0.35705596107034243,
      "recall": 0.327749860412994,
      "f1": 0.34177583647306026,
      "tp": 587,
      "fp": 1057,
      "fn": 1204
    },
    "PV": {
      "precision": 0.17542997542988922,
      "recall": 0.3859459459455287,
      "f1": 0.24121621578636576,
      "tp": 357,
      "fp": 1678,
      "fn": 568
    },
    "micro-average": {
      "precision": 0.3254948069762246,
      "recall": 0.3461137737027826,
      "f1": 0.3354877797468183,
      "tp": 1661,
      "fp": 3442,
      "fn": 3138
    }
  }
}