{
  "partial_match": {
    "CN": {
      "precision": 0.799186991869269,
      "recall": 0.46943648519557335,
      "f1": 0.5914560765490692,
      "tp": 983,
      "fp": 247,
      "fn": 1111
    },
    "PN": {
      "precision": 0.23970722781324807,
      "recall": 0.305005820721592,
      "f1": 0.2684426224578675,
      "tp": 524,
      "fp": 1662,
      "fn": 1194
    },
    "PV": {
      "precision": 0.7435508345967473,
      "recall": 0.5518018018011804,
      "f1": 0.6334841624060648,
      "tp": 490,
      "fp": 169,
      "fn": 398
    },
    "micro-average": {
      "precision": 0.49006134969313125,
      "recall": 0.42489361702118617,
      "f1": 0.4551566946591279,
      "tp": 1997,
      "fp": 2078,
      "fn": 2703
    }
  },
  "full_match": {
    "CN": {
      "precision": 0.5528455284548351,
      "recall": 0.3261390887288604,
      "f1": 0.4102564097894238,
      "tp": 680,
      "fp": 550,
      "fn": 1405
    },
    "PN": {
      "precision": 0.15919487648666095,
      "recall": 0.19430485762133204,
      "f1": 0.17500628565018,
      "tp": 348,
      "fp": 1838,
      "fn": 1443
    },
    "PV": {
      "precision": 0.5068285280720686,
      "recall": 0.3603020496220493,
      "f1": 0.42118537151879,
      "tp": 334,
      "fp": 325,
      "fn": 593
    },
    "micro-average": {
      "precision": 0.3342331288342738,
      "recall": 0.28357276702055306,
      "f1": 0.3068258611838516,
      "tp": 1362,
      "fp": 2713,
      "fn": 3441
    }
  }
}