{
  "partial_match": {
    "nationality": {
      "precision": 0.12499999999902345,
      "recall": 0.6956521738827978,
      "f1": 0.21192052954028334,
      "tp": 16,
      "fp": 112,
      "fn": 7
    },
    "place of death": {
      "precision": 0.11111111110493826,
      "recall": 0.9999999995,
      "f1": 0.19999999979999997,
      "tp": 2,
      "fp": 16,
      "fn": 0
    },
    "children": {
      "precision": 0.041666666665798616,
      "recall": 0.9999999995,
      "f1": 0.07999999992000001,
      "tp": 2,
      "fp": 46,
      "fn": 0
    },
    "location contains": {
      "precision": 0.22961373390508666,
      "recall": 0.6604938271564168,
      "f1": 0.3407643308262709,
      "tp": 107,
      "fp": 359,
      "fn": 55
    },
    "place of birth": {
      "precision": 0.009803921568531333,
      "recall": 0.9999999989999999,
      "f1": 0.019417475708549344,
      "tp": 1,
      "fp": 101,
      "fn": 0
    },
    "place lived": {
      "precision": 0.08988764044893321,
      "recall": 0.4102564102458909,
      "f1": 0.1474654374918134,
      "tp": 16,
      "fp": 162,
      "fn": 23
    },
    "company": {
      "precision": 0.0,
      "recall": 0.0,
      "f1": 0.0,
      "tp": 0,
      "fp": 8,
      "fn": 37
    },
    "micro-average": {
      "precision": 0.15189873417705496,
      "recall": 0.5413533834566114,
      "f1": 0.23723228960798376,
      "tp": 144,
      "fp": 804,
      "fn": 122
    }
  },
  "full_match": {
    "nationality": {
      "precision": 0.11718749999908448,
      "recall": 0.6521739130151228,
      "f1": 0.198675496427876,
      "tp": 15,
      "fp": 113,
      "fn": 8
    },
    "place of death": {
      "precision": 0.0,
      "recall": 0.0,
      "f1": 0.0,
      "tp": 0,
      "fp": 18,
      "fn": 2
    },
    "children": {
      "precision": 0.041666666665798616,
      "recall": 0.9999999995,
      "f1": 0.07999999992000001,
      "tp": 2,
      "fp": 46,
      "fn": 0
    },
    "location contains": {
      "precision": 0.17811158798245041,
      "recall": 0.515527950307357,
      "f1": 0.2647527906860496,
      "tp": 83,
      "fp": 383,
      "fn": 78
    },
    "place of birth": {
      "precision": 0.009803921568531333,
      "recall": 0.9999999989999999,
      "f1": 0.019417475708549344,
      "tp": 1,
      "fp": 101,
      "fn": 0
    },
    "place lived": {
      "precision": 0.011235955056116652,
      "recall": 0.05128205128073636,
      "f1": 0.01843317942848649,
      "tp": 2,
      "fp": 176,
      "fn": 37
    },
    "company": {
      "precision": 0.0,
      "recall": 0.0,
      "f1": 0.0,
      "tp": 0,
      "fp": 8,
      "fn": 37
    },
    "micro-average": {
      "precision": 0.10864978902942125,
      "recall": 0.3886792452815522,
      "f1": 0.1698268751734935,
      "tp": 103,
      "fp": 845,
      "fn": 162
    }
  }
}