{
  "partial_match": {
    "Disease": {
      "precision": 0.5909510618646436,
      "recall": 0.6956521739122874,
      "f1": 0.6390414373459082,
      "tp": 640,
      "fp": 443,
      "fn": 280
    },
    "micro-average": {
      "precision": 0.5909510618646436,
      "recall": 0.6956521739122874,
      "f1": 0.6390414373459082,
      "tp": 640,
      "fp": 443,
      "fn": 280
    }
  },
  "full_match": {
    "Disease": {
      "precision": 0.43397968605684767,
      "recall": 0.4911180773244607,
      "f1": 0.46078431322694585,
      "tp": 470,
      "fp": 613,
      "fn": 487
    },
    "micro-average": {
      "precision": 0.43397968605684767,
      "recall": 0.4911180773244607,
      "f1": 0.46078431322694585,
      "tp": 470,
      "fp": 613,
      "fn": 487
    }
  }
}