{
  "partial_match": {
    "CN": {
      "precision": 0.8585298196936775,
      "recall": 0.2957477305301979,
      "f1": 0.4399431410542245,
      "tp": 619,
      "fp": 102,
      "fn": 1474
    },
    "PN": {
      "precision": 0.2776057791534803,
      "recall": 0.1518915866741096,
      "f1": 0.19635036450619717,
      "tp": 269,
      "fp": 700,
      "fn": 1502
    },
    "PV": {
      "precision": 0.38775510203982716,
      "recall": 0.16557734204774993,
      "f1": 0.23206106828254766,
      "tp": 152,
      "fp": 240,
      "fn": 766
    },
    "micro-average": {
      "precision": 0.49951969260302614,
      "recall": 0.21748222501041037,
      "f1": 0.3030303026075794,
      "tp": 1040,
      "fp": 1042,
      "fn": 3742
    }
  },
  "full_match": {
    "CN": {
      "precision": 0.6837725381405219,
      "recall": 0.23645083932842376,
      "f1": 0.35138987844897296,
      "tp": 493,
      "fp": 228,
      "fn": 1592
    },
    "PN": {
      "precision": 0.21981424148584128,
      "recall": 0.11892797319926358,
      "f1": 0.15434782563119487,
      "tp": 213,
      "fp": 756,
      "fn": 1578
    },
    "PV": {
      "precision": 0.2704081632646163,
      "recall": 0.11434735706568032,
      "f1": 0.16072782369118974,
      "tp": 106,
      "fp": 286,
      "fn": 821
    },
    "micro-average": {
      "precision": 0.3900096061477474,
      "recall": 0.1690610035394193,
      "f1": 0.2358750903550773,
      "tp": 812,
      "fp": 1270,
      "fn": 3991
    }
  }
}