{
  "partial_match": {
    "person": {
      "precision": 0.6548587841069149,
      "recall": 0.8428835489828448,
      "f1": 0.7370689650247242,
      "tp": 1368,
      "fp": 721,
      "fn": 255
    },
    "location": {
      "precision": 0.3165771297005692,
      "recall": 0.4951980792313954,
      "f1": 0.3862359545802072,
      "tp": 825,
      "fp": 1781,
      "fn": 841
    },
    "organization": {
      "precision": 0.42064817908439,
      "recall": 0.7719190680559338,
      "f1": 0.5445501725535249,
      "tp": 1259,
      "fp": 1734,
      "fn": 372
    },
    "micro-average": {
      "precision": 0.4490114464099312,
      "recall": 0.70162601626002,
      "f1": 0.5475888320113222,
      "tp": 3452,
      "fp": 4236,
      "fn": 1468
    }
  },
  "full_match": {
    "person": {
      "precision": 0.6247008137862017,
      "recall": 0.8070500927638794,
      "f1": 0.7042633562265646,
      "tp": 1305,
      "fp": 784,
      "fn": 312
    },
    "location": {
      "precision": 0.3008442056790864,
      "recall": 0.4700239808150659,
      "f1": 0.36686944266850635,
      "tp": 784,
      "fp": 1822,
      "fn": 884
    },
    "organization": {
      "precision": 0.38422986969582884,
      "recall": 0.692771084336932,
      "f1": 0.494304749164722,
      "tp": 1150,
      "fp": 1843,
      "fn": 510
    },
    "micro-average": {
      "precision": 0.42130593132148525,
      "recall": 0.6550050556115965,
      "f1": 0.5127839779925804,
      "tp": 3239,
      "fp": 4449,
      "fn": 1706
    }
  }
}