{
  "partial_match": {
    "CN": {
      "precision": 0.6444286728171438,
      "recall": 0.4244974287048039,
      "f1": 0.511837654537789,
      "tp": 908,
      "fp": 501,
      "fn": 1231
    },
    "PN": {
      "precision": 0.3974871501996588,
      "recall": 0.3988538681946138,
      "f1": 0.39816933588421305,
      "tp": 696,
      "fp": 1055,
      "fn": 1049
    },
    "PV": {
      "precision": 0.1921343711592822,
      "recall": 0.5240223463681296,
      "f1": 0.28117505955925315,
      "tp": 469,
      "fp": 1972,
      "fn": 426
    },
    "micro-average": {
      "precision": 0.3701124799142349,
      "recall": 0.4337727558065633,
      "f1": 0.3994219648209777,
      "tp": 2073,
      "fp": 3528,
      "fn": 2706
    }
  },
  "full_match": {
    "CN": {
      "precision": 0.40454222853058586,
      "recall": 0.27364378300514947,
      "f1": 0.32646048061809635,
      "tp": 570,
      "fp": 839,
      "fn": 1513
    },
    "PN": {
      "precision": 0.2661336379210359,
      "recall": 0.26018983807914003,
      "f1": 0.2631281756715696,
      "tp": 466,
      "fp": 1285,
      "fn": 1325
    },
    "PV": {
      "precision": 0.13560016386721196,
      "recall": 0.357837837837451,
      "f1": 0.19667260803862133,
      "tp": 331,
      "fp": 2110,
      "fn": 594
    },
    "micro-average": {
      "precision": 0.24406356007851382,
      "recall": 0.2848510106271546,
      "f1": 0.2628846148875382,
      "tp": 1367,
      "fp": 4234,
      "fn": 3432
    }
  }
}