{
  "partial_match": {
    "Disease": {
      "precision": 0.7589073634195262,
      "recall": 0.6878363832070099,
      "f1": 0.7216261993874611,
      "tp": 639,
      "fp": 203,
      "fn": 290
    },
    "Chemical": {
      "precision": 0.6641221374040732,
      "recall": 0.8025830258295179,
      "f1": 0.7268170421103649,
      "tp": 870,
      "fp": 440,
      "fn": 214
    },
    "micro-average": {
      "precision": 0.7012081784383358,
      "recall": 0.749627421758197,
      "f1": 0.724609843437784,
      "tp": 1509,
      "fp": 643,
      "fn": 504
    }
  },
  "full_match": {
    "Disease": {
      "precision": 0.45011876484507113,
      "recall": 0.39936775553171827,
      "f1": 0.42322724684916235,
      "tp": 379,
      "fp": 463,
      "fn": 570
    },
    "Chemical": {
      "precision": 0.5564885496178958,
      "recall": 0.647999999999424,
      "f1": 0.5987679666481849,
      "tp": 729,
      "fp": 581,
      "fn": 396
    },
    "micro-average": {
      "precision": 0.5148698884755972,
      "recall": 0.5342333654770809,
      "f1": 0.524372928984068,
      "tp": 1108,
      "fp": 1044,
      "fn": 966
    }
  }
}