{
  "partial_match": {
    "Organization based in": {
      "precision": 0.327999999997376,
      "recall": 0.440860215049023,
      "f1": 0.3761467884981483,
      "tp": 41,
      "fp": 84,
      "fn": 52
    },
    "Located in": {
      "precision": 0.25766871165486094,
      "recall": 0.4615384615333897,
      "f1": 0.330708660954895,
      "tp": 42,
      "fp": 121,
      "fn": 49
    },
    "Live in": {
      "precision": 0.5555555555478395,
      "recall": 0.41237113401636727,
      "f1": 0.4733727805704282,
      "tp": 40,
      "fp": 32,
      "fn": 57
    },
    "Work for": {
      "precision": 0.4468085106335446,
      "recall": 0.5599999999925334,
      "f1": 0.4970414196187808,
      "tp": 42,
      "fp": 52,
      "fn": 33
    },
    "Kill": {
      "precision": 0.699999999986,
      "recall": 0.7446808510479855,
      "f1": 0.7216494840216815,
      "tp": 35,
      "fp": 15,
      "fn": 12
    },
    "micro-average": {
      "precision": 0.3968253968246095,
      "recall": 0.4962779156315229,
      "f1": 0.44101433247104904,
      "tp": 200,
      "fp": 304,
      "fn": 203
    }
  },
  "full_match": {
    "Organization based in": {
      "precision": 0.175999999998592,
      "recall": 0.2115384615364275,
      "f1": 0.19213973749379304,
      "tp": 22,
      "fp": 103,
      "fn": 82
    },
    "Located in": {
      "precision": 0.17177914110324063,
      "recall": 0.29787234042236305,
      "f1": 0.2178988322191706,
      "tp": 28,
      "fp": 135,
      "fn": 66
    },
    "Live in": {
      "precision": 0.38888888888348766,
      "recall": 0.2799999999972,
      "f1": 0.3255813948583018,
      "tp": 28,
      "fp": 44,
      "fn": 72
    },
    "Work for": {
      "precision": 0.29787234042236305,
      "recall": 0.3684210526267313,
      "f1": 0.3294117642076124,
      "tp": 28,
      "fp": 66,
      "fn": 48
    },
    "Kill": {
      "precision": 0.599999999988,
      "recall": 0.6382978723268448,
      "f1": 0.6185567005186523,
      "tp": 30,
      "fp": 20,
      "fn": 17
    },
    "micro-average": {
      "precision": 0.2698412698407344,
      "recall": 0.32304038004673863,
      "f1": 0.29405405355744396,
      "tp": 136,
      "fp": 368,
      "fn": 285
    }
  }
}