{
  "partial_match": {
    "person": {
      "precision": 0.8099364529169208,
      "recall": 0.8681114551078216,
      "f1": 0.8380155404445112,
      "tp": 1402,
      "fp": 329,
      "fn": 213
    },
    "location": {
      "precision": 0.5882352941173634,
      "recall": 0.7516943930987359,
      "f1": 0.6599945897153607,
      "tp": 1220,
      "fp": 854,
      "fn": 403
    },
    "organization": {
      "precision": 0.5674974039457075,
      "recall": 0.6664634146337399,
      "f1": 0.613011777405284,
      "tp": 1093,
      "fp": 833,
      "fn": 547
    },
    "micro-average": {
      "precision": 0.6482289303785294,
      "recall": 0.7615826158260021,
      "f1": 0.7003487599894798,
      "tp": 3715,
      "fp": 2016,
      "fn": 1163
    }
  },
  "full_match": {
    "person": {
      "precision": 0.7718082033502185,
      "recall": 0.8262213976494581,
      "f1": 0.7980884104917397,
      "tp": 1336,
      "fp": 395,
      "fn": 281
    },
    "location": {
      "precision": 0.5245901639341733,
      "recall": 0.6534534534530609,
      "f1": 0.581973789289036,
      "tp": 1088,
      "fp": 986,
      "fn": 577
    },
    "organization": {
      "precision": 0.5244029075802054,
      "recall": 0.6088004822178368,
      "f1": 0.5634588558483445,
      "tp": 1010,
      "fp": 916,
      "fn": 649
    },
    "micro-average": {
      "precision": 0.5991973477577038,
      "recall": 0.6950010119407619,
      "f1": 0.643553222890925,
      "tp": 3434,
      "fp": 2297,
      "fn": 1507
    }
  }
}