{
  "partial_match": {
    "person": {
      "precision": 0.7641764176410764,
      "recall": 0.5283136278777049,
      "f1": 0.6247240613263456,
      "tp": 849,
      "fp": 262,
      "fn": 758
    },
    "location": {
      "precision": 0.6957186544337188,
      "recall": 0.5511811023618709,
      "f1": 0.6150726591886277,
      "tp": 910,
      "fp": 398,
      "fn": 741
    },
    "organization": {
      "precision": 0.5391644908609149,
      "recall": 0.25091130012135426,
      "f1": 0.3424543942594718,
      "tp": 413,
      "fp": 353,
      "fn": 1233
    },
    "micro-average": {
      "precision": 0.6819466248035535,
      "recall": 0.44290375203906135,
      "f1": 0.537025589830273,
      "tp": 2172,
      "fp": 1013,
      "fn": 2732
    }
  },
  "full_match": {
    "person": {
      "precision": 0.7137713771370713,
      "recall": 0.4925465838506258,
      "f1": 0.5828739429195479,
      "tp": 793,
      "fp": 318,
      "fn": 817
    },
    "location": {
      "precision": 0.6636085626906242,
      "recall": 0.5235223160431101,
      "f1": 0.5853000669374512,
      "tp": 868,
      "fp": 440,
      "fn": 790
    },
    "organization": {
      "precision": 0.4608355091377796,
      "recall": 0.2127787823989073,
      "f1": 0.29113402018611967,
      "tp": 353,
      "fp": 413,
      "fn": 1306
    },
    "micro-average": {
      "precision": 0.6323390894817481,
      "recall": 0.4087680129895659,
      "f1": 0.4965483229943353,
      "tp": 2014,
      "fp": 1171,
      "fn": 2913
    }
  }
}