{
  "partial_match": {
    "CN": {
      "precision": 0.7306397306392386,
      "recall": 0.5360671936756245,
      "f1": 0.6184098028742262,
      "tp": 1085,
      "fp": 400,
      "fn": 939
    },
    "PN": {
      "precision": 0.3069744597248001,
      "recall": 0.36851415094317896,
      "f1": 0.33494104987910445,
      "tp": 625,
      "fp": 1411,
      "fn": 1071
    },
    "PV": {
      "precision": 0.15643026806916985,
      "recall": 0.5238636363630411,
      "f1": 0.24091978015265786,
      "tp": 461,
      "fp": 2486,
      "fn": 419
    },
    "micro-average": {
      "precision": 0.33565244279524803,
      "recall": 0.4719565217390278,
      "f1": 0.39230213178739165,
      "tp": 2171,
      "fp": 4297,
      "fn": 2429
    }
  },
  "full_match": {
    "CN": {
      "precision": 0.4350168350165421,
      "recall": 0.3101296207391694,
      "f1": 0.3621076228322277,
      "tp": 646,
      "fp": 839,
      "fn": 1437
    },
    "PN": {
      "precision": 0.11001964636536836,
      "recall": 0.12506979341143212,
      "f1": 0.11706297311055872,
      "tp": 224,
      "fp": 1812,
      "fn": 1567
    },
    "PV": {
      "precision": 0.05293518832709435,
      "recall": 0.16864864864846632,
      "f1": 0.08057851203300463,
      "tp": 156,
      "fp": 2791,
      "fn": 769
    },
    "micro-average": {
      "precision": 0.15862708719849122,
      "recall": 0.21379454052923236,
      "f1": 0.18212478871835902,
      "tp": 1026,
      "fp": 5442,
      "fn": 3773
    }
  }
}