{
  "partial_match": {
    "Disease": {
      "precision": 0.825995807126151,
      "recall": 0.42966194111185424,
      "f1": 0.5652797699937661,
      "tp": 394,
      "fp": 83,
      "fn": 523
    },
    "micro-average": {
      "precision": 0.825995807126151,
      "recall": 0.42966194111185424,
      "f1": 0.5652797699937661,
      "tp": 394,
      "fp": 83,
      "fn": 523
    }
  },
  "full_match": {
    "Disease": {
      "precision": 0.6100628930804821,
      "recall": 0.30407523510940015,
      "f1": 0.4058577401412295,
      "tp": 291,
      "fp": 186,
      "fn": 666
    },
    "micro-average": {
      "precision": 0.6100628930804821,
      "recall": 0.30407523510940015,
      "f1": 0.4058577401412295,
      "tp": 291,
      "fp": 186,
      "fn": 666
    }
  }
}