{
  "partial_match": {
    "Disease": {
      "precision": 0.7759815242485266,
      "recall": 0.7210300429176814,
      "f1": 0.7474972186322115,
      "tp": 672,
      "fp": 194,
      "fn": 260
    },
    "Chemical": {
      "precision": 0.7449612403095001,
      "recall": 0.8808432630606042,
      "f1": 0.8072238550257042,
      "tp": 961,
      "fp": 329,
      "fn": 130
    },
    "micro-average": {
      "precision": 0.7574211502779419,
      "recall": 0.8072170044484394,
      "f1": 0.7815266805243009,
      "tp": 1633,
      "fp": 523,
      "fn": 390
    }
  },
  "full_match": {
    "Disease": {
      "precision": 0.49538106235508617,
      "recall": 0.4520547945200716,
      "f1": 0.4727272722277974,
      "tp": 429,
      "fp": 437,
      "fn": 520
    },
    "Chemical": {
      "precision": 0.6573643410847617,
      "recall": 0.7537777777771077,
      "f1": 0.7022774322139677,
      "tp": 848,
      "fp": 442,
      "fn": 277
    },
    "micro-average": {
      "precision": 0.5923005565859961,
      "recall": 0.6157184185146501,
      "f1": 0.6037825054100678,
      "tp": 1277,
      "fp": 879,
      "fn": 797
    }
  }
}